วงจรปิดท้าย [สไลด์]	สร้าง Awareness → เรียนรู้ว่าเกิดเหตุอย่างไร (ได้สาเหตุ) / เรียนรู้ว่าเกิดขึ้นในขั้นตอนใด → ปรับแผนควบคุมความเสียหาย → เรียนรู้ว่าจัดการหลังเกิดเหตุได้ดีหรือไม่ → วนกลับไปที่เหตุไม่พึงประสงค์	สรุป2026-08-28-risk-management-combined
รูปแบบการจัดการความเสี่ยง	2 แบบ: เชิงรุก, เชิงรับ	สรุป2026-08-28-risk-management-combined
เครื่องมือเชิงรุก	Risk Assessment/Risk Register, FMEA	สรุป2026-08-28-risk-management-combined
เครื่องมือเชิงรับ	RCA	สรุป2026-08-28-risk-management-combined
Risk Assessment/Risk Register กับ FMEA ต่างก็เป็นเชิงรุก แต่วิธีเริ่มต้นต่างกัน	อันแรกเริ่มจาก "ค้นหาปัจจัยอันตราย" อันหลังเริ่มจาก "คลี่กระบวนการทำงานทีละขั้นตอน"	สรุป2026-08-28-risk-management-combined
หัวข้อเปิด	**"เข้าใจเรื่องความเสี่ยง อย่างไร"** [สไลด์]	สรุป2026-08-28-risk-management-combined
หลักคิด	"เราไม่ได้เริ่มจาก 0... เชื่อว่าทุกคนมีความรู้และประสบการณ์ มาทบทวนกัน..." [สไลด์]	สรุป2026-08-28-risk-management-combined
**[classroom]** นิยามที่ได้จากการถาม-ตอบสดในคาบ (คีย์เวิร์ดที่อาจารย์ย้ำทีละคำ)	"ความเสี่ยงคือ**อันตราย**ที่อาจเกิดกับผู้ป่วย" — เน้นว่าคำว่า "อันตราย" เป็นคีย์เวิร์ดสำคัญ 1 คำ	สรุป2026-08-28-risk-management-combined
**[classroom]** ตัวอย่าง "สิ่ง" ที่นักศึกษาช่วยกันยกในคาบว่าอาจนำไปสู่อันตราย	เครื่องมือในห้องผ่าตัดไม่พร้อมใช้งาน, บุคลากรขาดความรู้, ไม่ปฏิบัติตามมาตรฐานวิชาชีพ, การสื่อสารและแนวทางปฏิบัติไม่ชัดเจน	สรุป2026-08-28-risk-management-combined
**[classroom]** คีย์เวิร์ดที่อาจารย์ย้ำ	"ความเสี่ยงคือเหตุการณ์ที่เรา**คาดการณ์ได้ล่วงหน้า**" → สรุปเป็นหลักว่า **"การบริหารความเสี่ยงคือการทำนาย/การคาดการณ์ไปข้างหน้า"**	สรุป2026-08-28-risk-management-combined
**[classroom]** หลักที่อาจารย์ย้ำซ้ำหลายรอบตลอดคาบ	**"ทำสิ่งที่ถูกต้องให้ถูกต้องเสมอ"** — ใช้ได้ทั้งกับภาวะแทรกซ้อนและเหตุไม่พึงประสงค์	สรุป2026-08-28-risk-management-combined
คำศัพท์อังกฤษกำกับในผัง	Threat, Hazardous Event, Consequence, Control Measures, Recovery Measures, Loss of Control, Leading KRI, Lagging KRI, Potential Measures, Potential Outcome [สไลด์]	สรุป2026-08-28-risk-management-combined
**[classroom]** อาจารย์กำกับสีของผัง Bowtie ด้วยปากเปล่าซ้ำหลายรอบ	**สีน้ำเงิน = ฝั่งก่อนเกิดเหตุ (การบริหารความเสี่ยงเชิงรุก)**, **สีส้ม = ฝั่งหลังเกิดเหตุ (แผนควบคุมความเสียหาย/เชิงรับ)** — "ถ้าไหลหลุดการควบคุม (ออกแบบไว้แต่คนไม่ทำ) จะกลายเป็นเหตุไม่พึงประสงค์" เข้าสู่ฝั่งสีส้มทันที	สรุป2026-08-28-risk-management-combined
**[classroom]** ตัวอย่างเดินเรื่องจริงสำหรับข้อ 11-12 (ฝั่งขวา	Potential Outcome / Lagging KRI) โดยใช้กรณี "ผ่าตัดผิดคน": คำตอบของนักศึกษาต่อคำถาม "อะไรเป็นตัวบอกว่ากำลังจะเกิดความสูญเสีย/ฟ้องร้อง" ได้แก่ ความรุนแรงของเหตุการณ์, การแสดงสีหน้า/คำพูดไม่พอใจของผู้ป่วย, เงินที่ต้องจ่ายเพิ่ม ส่วนคำถาม "อะไรบอกว่าเรากู้กลับคืนได้ (ไม่ถูกฟ้อง/ออกสื่อ)" คำตอบคือ มีการเจรจาไกล่เกลี่ย, มีการรายงานอุบัติการณ์ขึ้นไป, มีการจัดประชุมทบทวน, มีการคุยกับผู้เสียหายและให้ข้อมูล — อาจารย์สรุปว่า "ถ้าทำอย่างนี้ได้ ไม่ส่งผลกระทบ มันจะถูกบล็อกไปหมด"	สรุป2026-08-28-risk-management-combined
Threat (สิ่งคุกคาม)	ฝั่งซ้ายสุด	สรุป2026-08-28-risk-management-combined
Hazardous Event (เหตุการณ์)	จุดศูนย์กลาง (ปมโบว์)	สรุป2026-08-28-risk-management-combined
Consequence (ความสูญเสีย)	ฝั่งขวาสุด	สรุป2026-08-28-risk-management-combined
Control Measures	ฝั่งซ้าย (ก่อนเหตุการณ์) — **[classroom] สีน้ำเงิน**	สรุป2026-08-28-risk-management-combined
Recovery Measures	ฝั่งขวา (หลังเหตุการณ์) — **[classroom] สีส้ม**	สรุป2026-08-28-risk-management-combined
Leading KRI / Lagging KRI	เตือนก่อนเหตุ / เตือนหลังเหตุ ตามลำดับ	สรุป2026-08-28-risk-management-combined
ใบงานที่เกี่ยวข้อง	ใบงานที่ 4	สรุป2026-08-28-risk-management-combined
โครง KRI ของกระบวนการทำงาน [สไลด์]	วัตถุประสงค์ของการดำเนินการ → ตัวชี้วัดที่บอกผลสำเร็จ (มีเป้า) → กระบวนการทำงาน (มาตรฐาน คู่มือ แนวทางปฏิบัติ) + กำหนดจุดและกิจกรรมควบคุม (**Internal Control**) → Start → Objective, KPI, Target	สรุป2026-08-28-risk-management-combined
**ปัจจัยภายนอก**	การเปลี่ยนแปลง (Change) เป็นสิ่งคุกคามจากภายนอก [สไลด์] — **[classroom]** ตัวอย่างจริงที่อาจารย์ยกในคาบ: สังคมเปลี่ยนไป ความเห็นอกเห็นใจต่อแพทย์/พยาบาลลดลง คุณธรรม/ศีลธรรมของสังคมโดยรวมลดลง ทำให้ผู้ป่วย/ญาติมีแนวโน้มฟ้องร้องมากขึ้นกว่าเดิม เป็นตัวอย่างของ "threat จากปัจจัยภายนอก" ที่ต้องตระหนัก	สรุป2026-08-28-risk-management-combined
กรอบตรวจสอบปัจจัยภายใน 4 มิติ (**People, Process, Technology, Environment**)	"การตรวจสอบ ค้นหา ปัจจัยที่เป็นอันตราย คุกคาม รบกวนการทำงาน ระบบงาน หรือพื้นที่ปฏิบัติงาน" [สไลด์]	สรุป2026-08-28-risk-management-combined
People — คุณสมบัติของบุคลากร 7 ข้อ [สไลด์]	1.คุณสมบัติ 2.คุณวุฒิ 3.รู้พันธกิจ 4.รู้หน้าที่ 5.รู้กระบวนการ 6.รู้วิธีทำงาน 7.รู้นโยบาย	สรุป2026-08-28-risk-management-combined
ปัจจัยภายใน (บุคลากร/งบ/สิ่งแวดล้อม/เครื่องมือ/ข้อมูล)	5 ข้อ	สรุป2026-08-28-risk-management-combined
คุณสมบัติบุคลากร (People)	7 ข้อ	สรุป2026-08-28-risk-management-combined
รายการปัจจัยเสี่ยงเชิงระบบทั้งหมด	20 ข้อ (รวม 7 ข้อ People)	สรุป2026-08-28-risk-management-combined
กรอบตรวจสอบ 4 มิติ	People, Process, Technology, Environment	สรุป2026-08-28-risk-management-combined
แยกให้ออกระหว่าง "ปัจจัยภายนอก" (เช่น Change) กับ "ปัจจัยภายใน" (5 ด้าน	บุคลากร งบประมาณ สภาพแวดล้อม เครื่องมือ ข้อมูล) — เวลาโจทย์ถามหาปัจจัยเสี่ยงต้องระบุว่าเป็นภายในหรือภายนอก	สรุป2026-08-28-risk-management-combined
"ทำได้อย่างไร — มี 2 แบบ	เชิงรุก & เชิงรับ" [สไลด์]	สรุป2026-08-28-risk-management-combined
ตัวเลข/ค่าที่ต้องจำ: 2 รูปแบบ	เชิงรุก / เชิงรับ	สรุป2026-08-28-risk-management-combined
นิยาม	"การตรวจสอบ ค้นหา ปัจจัยที่เป็นอันตราย คุกคาม รบกวนการทำงาน ระบบงาน หรือพื้นที่ปฏิบัติงาน ►► การประเมินความเสี่ยง (Risk Assessment) และหาทางจัดการ ►► การขึ้นทะเบียนเพื่อติดตาม" [สไลด์]	สรุป2026-08-28-risk-management-combined
แหล่งอ้างอิง	https://www.hse.gov.uk/managing/risk-profiling.htm [สไลด์]	สรุป2026-08-28-risk-management-combined
Key actions (Managers)	4 กลุ่ม: ระบุความเสี่ยง / ระบุผู้ได้รับผลกระทบ / ระบุมาตรการควบคุม / รายงานบันทึกตรวจสอบ	สรุป2026-08-28-risk-management-combined
เกณฑ์บังคับทำ Risk assessment	จำนวนเจ้าหน้าที่ ≥ 5 คน	สรุป2026-08-28-risk-management-combined
กลุ่มเสี่ยงเพิ่มขึ้น	อายุน้อย, อายุงานน้อย, ประสบการณ์น้อย, ตั้งครรภ์, พิการ, แรงงานข้ามชาติ, ผู้สูงอายุ	สรุป2026-08-28-risk-management-combined
**[classroom]** 9 มาตรฐานสำคัญจำเป็น (HA)	ผิดคน/ตำแหน่ง/ข้าง/หัตถการ, ติดเชื้อสำคัญ, บุคลากรติดเชื้อ, ของมีคม, ให้เลือดผิด, Medication error, ระบุตัวผู้ป่วยผิด, รายงานผลตรวจ/คัดกรอง (รายการไม่ครบ 9 ข้อจากเสียง)	สรุป2026-08-28-risk-management-combined
ข้อผิดพลาดที่พบบ่อย	ทำเอกสาร (paperwork) เยอะเกินจำเป็น — สไลด์เตือนว่าควรมี "เท่าที่จำเป็นเท่านั้น" ส่วนการประเมินความเสี่ยงต้องทำจริงจัง	สรุป2026-08-28-risk-management-combined
การเตรียมความพร้อมก่อนผ่าตัด ครอบคลุม [สไลด์]	พื้นที่ห้องผ่าตัด, เครื่องมือ อุปกรณ์ น้ำยา, กระแสไฟฟ้า น้ำไหล ไฟสว่าง, ยา สารน้ำ เลือด, อวัยวะ/อุปกรณ์ที่ใช้กับผู้ป่วย	สรุป2026-08-28-risk-management-combined
เส้นทางผู้ป่วย	**OPD → WARD → WR (ห้องเตรียมผ่าตัด) → OR → RR (ห้องพักฟื้น) → ICU/ward/D-C** [สไลด์]	สรุป2026-08-28-risk-management-combined
งานที่ WARD ก่อนส่งผ่าตัด — การเตรียมความพร้อมให้ถูก 4 ด้าน [สไลด์]	คน, หัตถการ, ตำแหน่ง, วัน-เวลา	สรุป2026-08-28-risk-management-combined
งานฝั่งการดูแลผู้ป่วยตลอดเส้นทาง (คู่ขนานกับ WR-OR-RR) [สไลด์]	การประเมิน, การวินิจฉัย, การให้ข้อมูล, การยินยอม, การ Set ผ่าตัด	สรุป2026-08-28-risk-management-combined
งานที่ WR	การเตรียมความพร้อม (คน/หัตถการ/ตำแหน่ง/วัน-เวลา), การให้ข้อมูล, การประเมิน	สรุป2026-08-28-risk-management-combined
งานที่ OR	การช่วยผ่าตัด, การให้ข้อมูล, การประเมิน, **การเฝ้าระวัง**, การสื่อสารกับทีม	สรุป2026-08-28-risk-management-combined
งานที่ RR	การให้ข้อมูล, การประเมิน, การเฝ้าระวัง, การสื่อสารกับทีม, **การช่วยเหลือที่ทันท่วงที**	สรุป2026-08-28-risk-management-combined
เส้นทางผู้ป่วย	OPD → WARD → WR → OR → RR → ICU/ward/D-C	สรุป2026-08-28-risk-management-combined
เตรียมความพร้อมที่ Ward	คน, หัตถการ, ตำแหน่ง, วัน-เวลา (4 ด้าน)	สรุป2026-08-28-risk-management-combined
งานร่วมทุกจุด	การประเมิน, การเฝ้าระวัง, การสื่อสารกับทีม	สรุป2026-08-28-risk-management-combined
**[classroom]** เครื่องมือหลักในการประเมิน/เฝ้าระวัง/สื่อสาร	Surgical Safety Checklist, MAR (ใบบันทึกการให้ยา)	สรุป2026-08-28-risk-management-combined
**[classroom]** ประเด็นที่อาจารย์ย้ำ	เครื่องมือ/ฟอร์มความปลอดภัยมีให้ใช้อยู่แล้ว แต่ความผิดพลาดมักเกิดเพราะ "ไม่เข้าใจวัตถุประสงค์จึงข้ามขั้นตอน" ไม่ใช่เพราะไม่มีเครื่องมือ	สรุป2026-08-28-risk-management-combined
โจทย์	"จากกระบวนการสำคัญในห้องผ่าตัด ขอให้ระบุข้อผิดพลาด หรือเหตุการณ์ไม่พึงประสงค์ที่เราไม่ต้องการให้เกิดขึ้นในห้องผ่าตัด ขอให้เลือกมา 1 เหตุการณ์" [สไลด์]	สรุป2026-08-28-risk-management-combined
3 คำถามนี้คือโครง Bowtie แบบย่อ	ข้อ 1 = สาเหตุ/สิ่งคุกคาม (ฝั่งซ้าย), ข้อ 2 = มาตรการป้องกันลดโอกาส (ฝั่งซ้าย), ข้อ 3 = มาตรการกู้คืน/บรรเทา (ฝั่งขวา) — ถ้าเข้าใจ Bowtie จะตอบกิจกรรมนี้ได้เป็นระบบ	สรุป2026-08-28-risk-management-combined
หัวข้อกราฟ	"Types of Sentinel Events (คัดเฉพาะที่เกี่ยวข้องกับ OR)" แกน Y = จำนวนนับ (0–1400) [สไลด์]	สรุป2026-08-28-risk-management-combined
ประเภทเหตุการณ์ 8 กลุ่ม (เรียงตามแกน X) [สไลด์]	Wrong-patient/wrong-site/wrong-procedure, Unintended Retention of a Foreign Body, Op/Post-op Complication, Infection-Related Event, Transfusion Error, Anesthesia-Related Event, Unassigned, Transfer-Related Event	สรุป2026-08-28-risk-management-combined
ที่มา	หนังสือ **Root Cause Analysis in Health Care: Tools and Techniques, Sixth Edition** [สไลด์]	สรุป2026-08-28-risk-management-combined
2014	73	สรุป2026-08-28-risk-management-combined
2015	120	สรุป2026-08-28-risk-management-combined
2016	104	สรุป2026-08-28-risk-management-combined
**2005–2016 (สะสม)**	**1281**	สรุป2026-08-28-risk-management-combined
จำนวนคอลัมน์หลักของ Risk Register	10 คอลัมน์ (ลำดับ→ผู้รับผิดชอบ)	สรุป2026-08-28-risk-management-combined
ช่วงคะแนนระดับความเสี่ยงในฟอร์ม	1–4	สรุป2026-08-28-risk-management-combined
ที่มาของระดับความเสี่ยง	Risk Analysis / Risk Assessment / Risk Rating Matrix	สรุป2026-08-28-risk-management-combined
หลักการ	"การให้ความสำคัญกับเหตุการณ์ที่มีความรุนแรงมากและมีโอกาสเกิดบ่อย และจัดระดับลดหลั่นลงมา" [สไลด์]	สรุป2026-08-28-risk-management-combined
Risk matrix ที่ง่ายที่สุด	แบ่งความรุนแรงและโอกาสเกิดเป็น 2 ระดับ (Risk Level) [สไลด์]	สรุป2026-08-28-risk-management-combined
ตัวอย่างเหตุการณ์ไม่พึงประสงค์ที่ใช้ประกอบการฝึกวางลงเมทริกซ์ [สไลด์]	ผ่าตัดผิดคน/ผิดข้าง/ผิดหัตถการ, สิ่งแปลกปลอมตกค้างในร่างกาย, เกิดภาวะแทรกซ้อนระหว่าง/หลังผ่าตัด, ความคลาดเคลื่อนการใช้ยา/สารน้ำ/เลือดและส่วนประกอบ	สรุป2026-08-28-risk-management-combined
**โอกาสเกิด บ่อย (2)**	C = 2 (เกิดบ่อย รุนแรงน้อย)	สรุป2026-08-28-risk-management-combined
**โอกาสเกิด ไม่บ่อย (1)**	D = 1 (เกิดไม่บ่อย รุนแรงน้อย)	สรุป2026-08-28-risk-management-combined
หลักการ	"เกณฑ์ที่ใช้ในการระบุระดับความเสี่ยง = โอกาสเกิด x ผลกระทบ" อ้างอิงจากมหาวิทยาลัยมหิดล [สไลด์]	สรุป2026-08-28-risk-management-combined
คะแนน 5 = สูงมาก	โอกาสเกิดมากกว่า 99% หรือเกิดบ่อย หรืออาจเกิดขึ้นได้ภายในรอบวันถึงสัปดาห์	สรุป2026-08-28-risk-management-combined
คะแนน 4 = สูง	โอกาสเกิดมากกว่า 50% หรืออาจเกิดขึ้นได้ง่าย หรืออาจเกิดขึ้นได้ภายในรอบสัปดาห์ถึงรอบเดือน	สรุป2026-08-28-risk-management-combined
คะแนน 3 = ปานกลาง	โอกาสเกิดมากกว่า 10% หรืออาจเกิดขึ้นได้เพราะเคยเกิดขึ้นแล้ว หรืออาจเกิดขึ้นได้ภายในรอบปี	สรุป2026-08-28-risk-management-combined
คะแนน 2 = น้อย	โอกาสเกิดมากกว่า 1% หรืออาจเกิดขึ้นได้แต่ยังไม่เคยเกิดขึ้น หรืออาจเกิดขึ้นได้ภายในรอบหลายปี	สรุป2026-08-28-risk-management-combined
คะแนน 1 = น้อยมาก	โอกาสเกิดน้อยกว่า 1% หรือเป็นไปได้แต่เฉพาะในกรณีฉุกเฉิน หรือเกิดขึ้นได้ยากแม้ในอนาคตในระยะยาว	สรุป2026-08-28-risk-management-combined
5	สูงมาก	สรุป2026-08-28-risk-management-combined
4	สูง	สรุป2026-08-28-risk-management-combined
3	ปานกลาง	สรุป2026-08-28-risk-management-combined
2	น้อย	สรุป2026-08-28-risk-management-combined
1	น้อยมาก	สรุป2026-08-28-risk-management-combined
**[classroom]** มิติผลกระทบ (ไม่มีตัวเลขคะแนนแยกจากเสียง)	บาดเจ็บ, ชื่อเสียง, ภาพลักษณ์, ฟ้องร้อง/ออกสื่อ, ความไม่พึงพอใจ	สรุป2026-08-28-risk-management-combined
กลยุทธ์การจัดการความเสี่ยง 4 แบบที่ปรากฏในสไลด์ [สไลด์]	**Treat, Terminate, Transfer, Take**	สรุป2026-08-28-risk-management-combined
ระดับความเสี่ยงสูง (2 ระดับบน) — ใช้กลยุทธ์ Transfer และ/หรือ Treat	"2 ระดับนี้ เป็นระดับความเสี่ยงที่มหาวิทยาลัยมหิดลกำหนดให้ส่วนงาน/คณะต้องจัดการความเสี่ยงให้อยู่ในระดับที่ยอมรับได้" [สไลด์]	สรุป2026-08-28-risk-management-combined
ระดับความเสี่ยงต่ำ (2 ระดับล่าง) — ใช้กลยุทธ์ Take และ/หรือ Treat	"เป็นระดับความเสี่ยงที่มหาวิทยาลัยมหิดลยอมรับได้ ส่วนงาน/หน่วยงาน สามารถพิจารณายอมรับหรือลดความเสี่ยงได้" [สไลด์]	สรุป2026-08-28-risk-management-combined
**[classroom]** อาจารย์อธิบายด้วยตารางสีที่ใช้จริงในคาบ (ดูหัวข้อ 14 ด้วย)	**เขียว = ยอมรับได้ ไม่ต้องทำอะไรเพิ่ม (หรืออาจข้ามได้หากมีเวลา/ทรัพยากรจำกัด)**, **เหลือง = ต้องมีการจัดการร่วมด้วย**, **ส้ม/แดง = ยอมรับไม่ได้ ต้องมีแผนบริหารความเสี่ยงเพิ่มเติม (risk treatment)**	สรุป2026-08-28-risk-management-combined
สูง (2 ระดับบน)	ต้องจัดการให้ลงมาอยู่ในระดับยอมรับได้ (บังคับ)	สรุป2026-08-28-risk-management-combined
ต่ำ (2 ระดับล่าง)	มหาวิทยาลัยมหิดลยอมรับได้	สรุป2026-08-28-risk-management-combined
**[classroom]** อาจารย์ให้ตัวอย่างนิยามสีจริงที่ใช้ในคาบ (สอดคล้องกับหัวข้อ 13)	**เขียว = ยอมรับได้**, **เหลือง = ต้องจัดการร่วมด้วย**, **ส้ม/แดง = ยอมรับไม่ได้ ต้องทำแผนบริหารความเสี่ยงเพิ่มเติม** — และย้ำว่าองค์กรต้องมีการกำหนดนิยามล่วงหน้าร่วมกัน (เช่น "บ่อย" คือเกิด >99% หรือเกิดภายในรอบวันถึงสัปดาห์ ให้คะแนน 5) เพื่อให้การให้คะแนนมีมาตรฐานเดียวกันเมื่อทำร่วมกันหลายคน ไม่ใช่แค่ประมาณการเอาเอง	สรุป2026-08-28-risk-management-combined
หัวข้อ	"มาตรฐานสำคัญจำเป็นต่อความปลอดภัย — Ultra Safe" [สไลด์]	สรุป2026-08-28-risk-management-combined
**หมายเหตุ	ชื่อ "โซนที่ 1" ตีความจากเสียงพูดที่ไม่ชัดเจน ("เอาท์ลาดา") ความมั่นใจในการตีความคำนี้อยู่ในระดับต่ำ ควรทวนกับเพื่อนหรือสไลด์จริงว่าคำศัพท์ทางการคืออะไร (ในทฤษฎีความปลอดภัยสากลมีแนวคิดใกล้เคียงคือ "Ultra-adaptive / High Reliability / Ultra-safe" ของ Amalberti — แต่ยังไม่ยืนยันว่าสไลด์ใช้ชื่อเดียวกันหรือไม่**	สรุป2026-08-28-risk-management-combined
ตัวเลข/ค่าที่ต้องจำ: เชิงรับ = 2 เครื่องมือหลัก	Critical Incident Management, RCA — **[classroom]** Ultra Safe framework = 3 โซน (ความเสี่ยงที่ต้องเกิด/ต้องใช้ความเชี่ยวชาญ, High Reliability, Ultra-safe)	สรุป2026-08-28-risk-management-combined
เป้าหมายของการดูแลรักษา	ผู้ป่วยปลอดภัย ได้ผลทางการรักษา ผ่านกระบวนการดูแลรักษา [สไลด์]	สรุป2026-08-28-risk-management-combined
ผู้เขียนเนื้อหาส่วนนี้	น้องนุช ภูมิสนธิ์, 24 พ.ย. 2551 [สไลด์]	สรุป2026-08-28-risk-management-combined
ตัวเลข/ค่าที่ต้องจำ: ไม่มีตัวเลข — หัวใจคือ "การรับรู้ตรงกันหรือไม่ตรงกัน" เป็นตัวแปรชี้ขาด — **[classroom]** ลำดับเป้าหมาย 3 ขั้นเมื่อเผชิญความเสี่ยงฟ้องร้อง	ป้องกันฟ้อง → ถ้าฟ้องอย่าแพ้ → ถ้าแพ้เสียน้อยที่สุด	สรุป2026-08-28-risk-management-combined
**หลักการที่ 1	Care process ต้องดี** [สไลด์] ครอบคลุม: รับไว้ในความดูแล → ประเมิน (ซักประวัติ, ตรวจร่างกาย, Lab/X-Ray, ตัดสินใจ) → วินิจฉัย → วางแผนการรักษา ทางเลือก เกณฑ์ → ให้ข้อมูลความเสี่ยง มีส่วนร่วมตัดสินใจ → รักษา (Medication, Operation, Nutrition, Rehabilitation)	สรุป2026-08-28-risk-management-combined
คำคม	**"The very first requirement in a hospital is that it should do the sick no harm" — Florence Nightingale** [สไลด์]	สรุป2026-08-28-risk-management-combined
**หลักการที่ 2	ประเมินและจัดการความเสี่ยง** [สไลด์]: จัดการความเสี่ยง → ได้ผลดี → จำหน่ายจากความดูแล (จบดี)	สรุป2026-08-28-risk-management-combined
**หลักการที่ 3	เมื่อเกิด AE/SE จัดการเป็น** [สไลด์] แบ่งเป็น 3 กลุ่มกิจกรรม:	สรุป2026-08-28-risk-management-combined
1. Care process ต้องดี	ตั้งแต่รับไว้ → ประเมิน → วินิจฉัย → วางแผน → ให้ข้อมูล → รักษา	สรุป2026-08-28-risk-management-combined
2. ประเมินและจัดการความเสี่ยง	จัดการความเสี่ยง → ได้ผลดี → จำหน่ายแบบจบดี	สรุป2026-08-28-risk-management-combined
3. เมื่อเกิด AE/SE	แก้ไข-รายงาน-ทบทวน-สื่อสาร / ประเมินซ้ำ-SBAR-Consult / วางแผนจำหน่าย-ดูแลต่อเนื่อง	สรุป2026-08-28-risk-management-combined
**[classroom]** อาจารย์เล่าบทบาทของ RM (Risk Manager) ในสถานการณ์จริง	เมื่อรับรายงานอุบัติการณ์ RM จะทำหน้าที่ "เชื่อม" ระหว่างทีมต่างๆ ตรวจสอบว่า error เกิดจุดไหน (เช่น เกิดที่ห้องผ่าตัดหรือระหว่างส่งต่อไป ICU) และประสานว่าทีมใดต้องส่งต่อข้อมูลอะไรให้ทีมถัดไป	สรุป2026-08-28-risk-management-combined
ลำดับความสำคัญ	**"ทำให้คงที่ + คุมความเสียหาย" มาก่อน** การวิเคราะห์สาเหตุรากอย่างละเอียด (RCA) เสมอ — เป็นหลัก triage เชิงคุณภาพ	สรุป2026-08-28-risk-management-combined
หลัก 3 อย่าง	**Timeliness, Appropriateness, Communication** [สไลด์]	สรุป2026-08-28-risk-management-combined
จัดประชุมทันที (RCA อย่างง่าย) เพื่อ [สไลด์]	วางแผนการรักษา, หาเป้าหมายร่วมกัน, สรุปสิ่งที่จะแจ้งให้ผู้ป่วยและญาติทราบให้ทีมที่ดูรักษารับรู้ตรงกัน, มอบหมาย contact person กับผู้ป่วยและญาติ	สรุป2026-08-28-risk-management-combined
ประเมิน [สไลด์]	การรับรู้ความเข้าใจต่อเหตุการณ์, ความสงบการรับฟังเหตุผล, รับรู้ว่าเราให้การดูแลรักษาอย่างดีที่สุด, "เราได้ทำดีที่สุดแล้ว แม้จะฟ้องเราภายหลังเราก็ OK"	สรุป2026-08-28-risk-management-combined
RCA อย่างง่ายเริ่มจาก Occurrence/CV, PAE/SE ตั้งคำถาม 3 ข้อ [สไลด์]	1) เกิดอะไรขึ้น 2) ทำไมจึงเกิด 3) ต้องทำอะไรเพื่อมิให้เกิดอีก — คู่ขนานกับ 1) หาข้อมูลรอบด้าน 2) รู้สาเหตุรากของปัญหา 3) เห็นสิ่งที่ต้องปรับปรุงอย่างเป็นระบบ	สรุป2026-08-28-risk-management-combined
**เป็นสิ่งที่ป้องกันไม่ได้ (Un-Prevent)**	การวินิจฉัยแยกโรค, การบันทึก, การอธิบายทำความเข้าใจกับผู้เสียหาย	สรุป2026-08-28-risk-management-combined
**เป็นสิ่งที่ป้องกันได้ (Prevent) แต่ไม่ได้ป้องกัน**	สาเหตุเฉพาะ → แก้ไขทันที ป้องกันการเกิดซ้ำ, สาเหตุเชิงระบบ/องค์กร → ส่งต่อ CLT/รพ.	สรุป2026-08-28-risk-management-combined
Timeliness	ทำทันที ไม่ปล่อยให้ล่าช้า	สรุป2026-08-28-risk-management-combined
Appropriateness	เหมาะสมกับสถานการณ์	สรุป2026-08-28-risk-management-combined
Communication	สื่อสารตรงกันทั้งทีมและกับผู้ป่วย/ญาติ	สรุป2026-08-28-risk-management-combined
ผู้เขียน	น้องนุช ภูมิสนธิ์, 24 พ.ย. 2551 [สไลด์]	สรุป2026-08-28-risk-management-combined
ฝั่งผู้ป่วย/ญาติ (3 ข้อ) [สไลด์]	1) การเยียวยาแก้ไข 2) การวางแผนการรักษาร่วมกันของทีมผู้ดูแล 3) การมีส่วนร่วมของผู้ป่วยและญาติ	สรุป2026-08-28-risk-management-combined
ฝั่งทีม/องค์กร (7 ข้อ) [สไลด์]	1) การสื่อสารในทีม 2) การบอกข่าว(ร้าย)กับผู้ป่วยและญาติ 3) การบันทึกโดยทีมผู้ดูแลรักษา 4) การจำกัดการเข้าถึงโดยบุคคลไม่เกี่ยวข้อง 5) การประเมินความเสี่ยงของการฟ้องร้อง 6) การช่วยเหลือโดยทีมโรงพยาบาล 7) การดูแลบุคลากร	สรุป2026-08-28-risk-management-combined
เป้าหมายกลาง	**การทบทวน & ปรับปรุง เพื่อป้องกันการเกิดซ้ำ** — "ย้อนกลับไปได้จะแก้ไขอะไร ขั้นตอนใด" [สไลด์]	สรุป2026-08-28-risk-management-combined
ผู้ป่วย/ญาติ	3 ข้อ	สรุป2026-08-28-risk-management-combined
ทีม/องค์กร	7 ข้อ	สรุป2026-08-28-risk-management-combined
นิยาม	"การวิเคราะห์หาสาเหตุที่แท้จริง หรือสาเหตุรากของการเกิดเหตุการณ์ไม่พึงประสงค์นั้นๆ เพื่อขจัดสาเหตุที่แท้จริงหรือสาเหตุรากนี้ให้หมดไป" [สไลด์]	สรุป2026-08-28-risk-management-combined
Concept	**What happened → Determine why → Determine how** [สไลด์]	สรุป2026-08-28-risk-management-combined
3 คำถาม [สไลด์]	1) เกิดอะไรขึ้น 2) ทำไมจึงเกิด (เชื่อมโยงกับ Human Error) 3) จะป้องกันการเกิดซ้ำได้อย่างไร	สรุป2026-08-28-risk-management-combined
ตัวอย่างนิทานสาธิตห่วงโซ่เหตุ-ผล [สไลด์]	ฝนตก → กบร้อง → ท้องปวด → ข้าวดิบ → ไฟดับ → ฟืนเปียก → (กลับไปที่) ฝนตก / ทางแก้: เก็บฟืนเข้าที่ร่ม	สรุป2026-08-28-risk-management-combined
ข้อสรุปสำคัญของตัวอย่าง	**"ฝนตก = Human Error เป็นเรื่องธรรมชาติ! ห้ามไม่ได้"** ดังนั้น Human Error จึงไม่ใช่สาเหตุราก จึงต้องยึดหลัก [สไลด์]:	สรุป2026-08-28-risk-management-combined
1. What	เกิดอะไรขึ้น	สรุป2026-08-28-risk-management-combined
2. Why	ทำไมจึงเกิด	สรุป2026-08-28-risk-management-combined
3. How	จะป้องกันการเกิดซ้ำได้อย่างไร	สรุป2026-08-28-risk-management-combined
**ประเด็นสำคัญที่สุดของหัวข้อนี้**	"Human Error ไม่ใช่สาเหตุราก (root cause)" เพราะเป็นธรรมชาติของมนุษย์ที่ห้ามไม่ได้ — ข้อสอบมักถามตรงๆ ว่า RCA ที่ดีควรหยุดที่ "Human Error" หรือไม่ (คำตอบ: ไม่ควร ต้องขุดลึกไปถึงระบบ)	สรุป2026-08-28-risk-management-combined
นิยาม Error	"การทำงานที่เบี่ยงเบนไปจากแผนที่วางไว้ หรือที่ตั้งใจไว้ หรือการทำงานใดๆ ที่ไม่บรรลุผลลัพธ์ที่ต้องการ อาจเกิดจากความตั้งใจหรือไม่ตั้งใจก็ได้" [สไลด์]	สรุป2026-08-28-risk-management-combined
**ความตั้งใจ**	ขณะทำมีความตั้งใจคิดด้วยสติ แต่ด้วยข้อจำกัดในความรู้/ประสบการณ์ ทำให้ผลที่ได้ไม่เป็นไปตามต้องการ เรียกว่า "ผิด" อาจเพราะ **"คิดคำตอบผิด"** หรือ **"ใช้คำตอบผิด"** [สไลด์]	สรุป2026-08-28-risk-management-combined
**ไม่ตั้งใจ**	ขณะทำไม่ตั้งใจคิดด้วยสติ/ไม่มีสติ อาจเกิดจากความพลั้งเผลอหรือหลงลืม เนื่องจากถูกรบกวนหรือมีความกังวลอยู่ในใจ ทำให้แผนที่วางไว้ไม่ได้รับการปฏิบัติ [สไลด์]	สรุป2026-08-28-risk-management-combined
Knowledge-based	ปัญหาใหม่ ไม่เคยเจอ	สรุป2026-08-28-risk-management-combined
Rule-based	มีแนวทางกลางกำหนดไว้	สรุป2026-08-28-risk-management-combined
Skill-based	งานที่ทำจนเคยชิน	สรุป2026-08-28-risk-management-combined
เป้าหมาย	"to understand how people perform under different circumstances" [สไลด์]	สรุป2026-08-28-risk-management-combined
**human cognitive process**	วิธีการจำ การคิด การพัฒนา และใช้ Motor skill ของมนุษย์ เพื่อทำกิจกรรมด้วยตนเอง ด้วยทีม และภายในระบบขององค์กร โดยอาศัยกลไก **2 ประการ** [สไลด์]	สรุป2026-08-28-risk-management-combined
ภายใต้สถานการณ์ที่ต่างกัน [สไลด์]	อยู่คนเดียว, อยู่กับครอบครัว, อยู่กับเพื่อน, อยู่ในที่ทำงาน — "แม้ในเรื่องเดียวกัน เราอาจปฏิบัติต่อสิ่งนั้นแตกต่างกัน"	สรุป2026-08-28-risk-management-combined
กลไกการรับรู้ที่ใช้	2 ประการ	สรุป2026-08-28-risk-management-combined
องค์ประกอบ Cognitive	Perception, Long term memory, Working memory, Communication, Interaction, Mental Model, Team work (7 องค์ประกอบ)	สรุป2026-08-28-risk-management-combined
สถานการณ์ที่ต่างกัน	อยู่คนเดียว / กับครอบครัว / กับเพื่อน / ในที่ทำงาน	สรุป2026-08-28-risk-management-combined
ที่มา	นพ.สุรพร ก้อนทอง, HA601 [สไลด์]	สรุป2026-08-28-risk-management-combined
**Weaker actions** (มาตรการอ่อน) [สไลด์]	Check แล้ว check อีก, สร้างระบบเตือน, เพิ่มกิจกรรม เพิ่มตัวเตือนความจำ เกิดนโยบายใหม่, ฝึกอบรม	สรุป2026-08-28-risk-management-combined
**Intermediate actions** (มาตรการระดับกลาง) [สไลด์]	ทำเพิ่มพร้อมกัน, เพิ่มคน ลดงาน, ปรับ software, กำจัด/ลดสิ่งรบกวนสมาธิ, เรียนรู้ด้วย Simulation, ทำรายการสิ่งที่ต้องทำ ช่วยคิดช่วยจำ, กำจัดสรรพ LASA, สร้างระบบสอบทานการสื่อสาร, สร้างจุดเด่นเพื่อการสื่อสาร	สรุป2026-08-28-risk-management-combined
**Stronger actions** (มาตรการเข้มแข็ง) [สไลด์]	เปลี่ยนสถาปัตยกรรมกายภาพ, เครื่องมืออุปกรณ์ใหม่และผ่านการทดสอบความพร้อมใช้, การควบคุมเชิงวิศวกรรม, ทำ Process ให้ง่าย ลดขั้นตอนที่ไม่จำเป็น, สอบเทียบเครื่องมือ กำกับและควบคุมการปฏิบัติให้ได้ตามมาตรฐาน, ผู้นำระดับสูงเข้าร่วมตลอดกระบวนการปรับเปลี่ยน	สรุป2026-08-28-risk-management-combined
Weaker	ฝึกอบรม, สร้างระบบเตือน, check ซ้ำ	สรุป2026-08-28-risk-management-combined
Intermediate	Simulation, กำจัด LASA, ลดสิ่งรบกวนสมาธิ	สรุป2026-08-28-risk-management-combined
Stronger	เปลี่ยนสถาปัตยกรรม/อุปกรณ์, การควบคุมเชิงวิศวกรรม, ทำ process ให้ง่าย	สรุป2026-08-28-risk-management-combined
หมายเหตุสำคัญจากวิทยากร	"กิจกรรมที่ 1-6 เป็นขั้นตอนสำคัญที่ผู้เรียนต้องทำให้ได้ก่อน ที่จะไปจัดประชุมเชิญผู้เกี่ยวข้องมาให้ข้อมูลที่เป็นจริงของเหตุการณ์นี้ ส่วนการออกแบบเกิดขึ้นหลังจากการจัดประชุมทำ RCA **ความสำเร็จอยู่ที่การติดตาม การนำไปใช้จริง**" [สไลด์]	สรุป2026-08-28-risk-management-combined
ข้อสรุปย้ำท้ายหัวข้อ	"ต้องสรุปให้ได้ว่าสาเหตุที่แท้จริงของเหตุการณ์นี้คืออะไร ด้วยการหาข้อมูลหลักฐานที่ปรากฏจริง และตัดสมมติฐานที่ไม่ใช่ต้นตอต่างๆ ที่เป็นสาเหตุที่แท้จริง นำไปปรับปรุง ออกแบบ ใช้งาน" [สไลด์]	สรุป2026-08-28-risk-management-combined
1-6	เตรียมข้อมูล + ตั้งสมมติฐาน	สรุป2026-08-28-risk-management-combined
7	จัดประชุมผู้เกี่ยวข้อง หาข้อยุติ ตัดสมมติฐานที่ไม่จริง	สรุป2026-08-28-risk-management-combined
8	สรุปสาเหตุ + สิ่งที่ต้องปรับปรุง	สรุป2026-08-28-risk-management-combined
**ความล้มเหลวจากการกระทำที่ไม่ปลอดภัย (Active Failure)**	"บางสิ่งบางอย่างที่ใครบางคนทำหรือไม่ทำ" → เกิดอุบัติเหตุหรืออุบัติการณ์ [สไลด์]	สรุป2026-08-28-risk-management-combined
ปัจจัยที่ป้อนเข้าสู่ Active Failure [สไลด์]	ปัจจัยแวดล้อม ความกดดันที่มีต่อกายและใจ ปัญหาส่วนตัว, ความรู้ของผู้บังคับบัญชา/ผู้กำกับดูแล ไม่สามารถบังคับใช้มาตรฐานได้	สรุป2026-08-28-risk-management-combined
**ความล้มเหลวจากสภาวะแฝง (Latent Condition)**	ขาดทรัพยากร เงินทุน บุคลากร โครงสร้างพื้นฐาน การฝึกอบรม ขั้นตอนปฏิบัติ, อิทธิพลขององค์กร, การกำกับดูแล, เงื่อนไขก่อนหน้าที่จะทำ (ทำ/ไม่ทำ), สิ่งกระตุ้น (Hazard) [สไลด์]	สรุป2026-08-28-risk-management-combined
หลักคิดสำคัญ	"การเกิดอุบัติเหตุมักมีสาเหตุหรือปัจจัยหลายๆ อย่างประกอบกันมาก่อน มันบ่มเพาะตัวเองจนกลายเป็นระเบิดเวลา และชนวนจะถูกจุดเมื่อถึงเวลาที่เหมาะสม" [สไลด์]	สรุป2026-08-28-risk-management-combined
คำศัพท์กำกับ	**Violation** = ละเมิด, **Error** = ผิดพลาด, **Potential Change** = การเปลี่ยนแปลงที่เกิดขึ้นได้ [สไลด์]	สรุป2026-08-28-risk-management-combined
Tier 5	Ext. Environment (สิ่งแวดล้อมภายนอก)	สรุป2026-08-28-risk-management-combined
Tier 4	Management (การบริหารจัดการ)	สรุป2026-08-28-risk-management-combined
Tier 3	Work & Team / Environment (สภาพแวดล้อมการทำงานและทีม — สไลด์บางเวอร์ชันเรียก "Work & Team" บางเวอร์ชันเรียก "Environment" ในลำดับนี้)	สรุป2026-08-28-risk-management-combined
Tier 2	Individuals & Environment (ตัวบุคคลและสิ่งแวดล้อม)	สรุป2026-08-28-risk-management-combined
Tier 1	Substandard act (การกระทำที่ต่ำกว่ามาตรฐาน)	สรุป2026-08-28-risk-management-combined
5	Ext. Environment	สรุป2026-08-28-risk-management-combined
4	Management	สรุป2026-08-28-risk-management-combined
3	Work & Team / Environment	สรุป2026-08-28-risk-management-combined
2	Individuals & Environment	สรุป2026-08-28-risk-management-combined
1	Substandard act	สรุป2026-08-28-risk-management-combined
แยกให้ออก	**Active Failure** = สิ่งที่เห็นชัดตอนเกิดเหตุ (คนทำ/ไม่ทำอะไรบางอย่าง) ส่วน **Latent Condition** = สิ่งที่สะสมอยู่ในระบบมาก่อนล่วงหน้า (ขาดทรัพยากร/การกำกับดูแลไม่ดี) — ข้อสอบมักถามให้จัดหมวดปัจจัยที่ยกตัวอย่างมาว่าเป็น Active หรือ Latent	สรุป2026-08-28-risk-management-combined
**[classroom]** ตัวอย่าง Latent Condition ที่อาจารย์เล่าจากประสบการณ์จริง	วางแผนอัตรากำลังไว้ดีแล้ว แต่วันที่ผู้ป่วยล้นเข้ามาเยอะ (ปัจจัยภายนอก) พี่เลี้ยงต้องดูหลายห้องพร้อมกันจนกำกับดูแลน้องใหม่ไม่ทั่วถึง — เป็นตัวอย่างของ Latent Condition (ขาดอัตรากำลัง/การกำกับดูแล) ที่บ่มเพาะไว้ก่อนแล้วถูกกระตุ้นด้วยปัจจัยภายนอก (Change)	สรุป2026-08-28-risk-management-combined
**[classroom]** อาจารย์เตือนเรื่องความสมบูรณ์ของเวชระเบียนซ้ำอีกครั้งในบริบทนี้	เวชระเบียนคือ "หลักฐาน" สำคัญที่สุดในการทำ Management by Fact ต้องระวังไม่ให้มีการดัดแปลงหรือถอดหน้าออก เพราะในอดีตเคยมีกรณีเช่นนี้เกิดขึ้น และหากมีการตรวจสอบ (เช่น ศาลขอเวชระเบียน) จะยิ่งเป็นปัญหาหากพบว่าไม่ครบถ้วน	สรุป2026-08-28-risk-management-combined
ตัวเลข/ค่าที่ต้องจำ: Management by Fact มี 4 วิธี	ทบทวนเวชระเบียน / ดูกระบวนการทำงาน / สัมภาษณ์ / เก็บหลักฐานทางกายภาพ&เอกสาร	สรุป2026-08-28-risk-management-combined
วลีสำคัญของขั้นตอน 3	**"เพื่อหาโอกาสพัฒนา ไม่ตำหนิ"** (non-blame culture) — เป็นหลักคิดที่ RCA ทั้งวิชายึดถือ สอดคล้องกับหัวข้อ 28 เรื่องบทบาทประธานที่ "ไม่กล่าวโทษ"	สรุป2026-08-28-risk-management-combined
โครงคำถามของ FMEA เหมือน RCA [สไลด์]	ชื่อเหตุการณ์ไม่พึงประสงค์ → 1) What เกิดอะไรขึ้น → 2) Why ทำไมจึงเกิด → 3) How ป้องกันอย่างไร	สรุป2026-08-28-risk-management-combined
ตัวอย่างที่ยกในสไลด์	**การวินิจฉัยล่าช้า** [สไลด์]	สรุป2026-08-28-risk-management-combined
ข้อแตกต่างสำคัญ	"ใช้คำถามเหมือนกันกับ RCA แต่ **FMEA วิเคราะห์ด้วยคำถามในทุกขั้นตอน**" ขณะที่ถ้าเป็น RCA วิเคราะห์ด้วยคำถามใน **3 ขั้นตอน** เท่านั้น [สไลด์]	สรุป2026-08-28-risk-management-combined
แนวทางเริ่มต้น	"เริ่มต้นจากคลี่กระบวนการ" [สไลด์]	สรุป2026-08-28-risk-management-combined
RCA	ใช้ใน 3 ขั้นตอนของเหตุการณ์ที่เกิดขึ้นแล้ว	สรุป2026-08-28-risk-management-combined
FMEA	ใช้ในทุกขั้นตอนของกระบวนการ (คลี่กระบวนการทั้งหมดล่วงหน้า)	สรุป2026-08-28-risk-management-combined
ข้อสอบอาจถามว่า FMEA จัดอยู่ฝั่งไหนของ Risk management (คำตอบ	**เชิงรุก** — ตรงกับหัวข้อ 0 ที่ย้ำไว้ตั้งแต่ต้น)	สรุป2026-08-28-risk-management-combined
**1. ระดับของการประชุมทำ RCA** [สไลด์]	หน่วยงาน, คร่อมสายงาน, รพ. (ผอ. หรือผู้บริหารที่ได้รับมอบหมาย)	สรุป2026-08-28-risk-management-combined
**2. เชิญใครบ้าง** [สไลด์]	แพทย์ พยาบาล หน่วยล้างไต, ผู้กำกับดูแล ICU, แพทย์ พยาบาล Ward, แพทย์ พยาบาล ทีม CPR, ผู้กำกับดูแลระบบสื่อสาร, ผู้กำกับดูแลระบบงานเคลื่อนย้ายผู้ป่วย, ผู้ให้ข้อมูลผู้ป่วยและญาติ	สรุป2026-08-28-risk-management-combined
ขั้นตอนการทำของทีม [สไลด์]	ทบทวนเหตุการณ์ → หาจุดเปลี่ยน (Turning point) → รับฟังคนทำงาน → หาปัจจัยที่เป็นสาเหตุ (ใช้เทคนิค Cognitive walkthrough, Conventional why, Comprehensive scan) → หาแนวทางเชิงป้องกัน	สรุป2026-08-28-risk-management-combined
**[classroom]** อาจารย์เล่าประสบการณ์จริงในบทบาท RM	เมื่อรับรายงานอุบัติการณ์ RM ต้องคอยเชื่อมประสานแต่ละทีมว่า error เกิดที่จุดใด (เช่น เกิดที่ห้องผ่าตัดหรือระหว่างส่งต่อไป ICU) ใครต้องส่งต่อข้อมูลอะไรให้ทีมถัดไป และแผนการจัดการเคส (เช่น การช่วยเหลือค่าใช้จ่าย หรือทีมใดต้องเข้ามาช่วยดูแล)	สรุป2026-08-28-risk-management-combined
ประธาน	ไม่กล่าวโทษ, มุ่งอนาคต, ขอให้พูดความจริง	สรุป2026-08-28-risk-management-combined
เจ้าของไข้	เล่า Care process/ข้อมูล/การตัดสินใจ	สรุป2026-08-28-risk-management-combined
เจ้าของพื้นที่	เล่า Care process/ข้อมูล/การตัดสินใจ (มุมพื้นที่ปฏิบัติงาน)	สรุป2026-08-28-risk-management-combined
ผู้เชี่ยวชาญ	ให้ความเห็น/ความจริงที่พบ ตามหลัก Appropriate	สรุป2026-08-28-risk-management-combined
RM/Key actor	บันทึก, Mapping สมมติฐาน, สรุป active/latent failure	สรุป2026-08-28-risk-management-combined
โบทาย / โบไท / โบถ้าย / โมทัย / โมทนา	Bowtie	สรุป2026-08-28-risk-management-combined
ใบมา	MAR (Medication Administration Record)	สรุป2026-08-28-risk-management-combined
ริสโปรไฟล์ / ริสโพาย	Risk Profile	สรุป2026-08-28-risk-management-combined
เทรด / เครส / เทส	Threat (สิ่งคุกคาม)	สรุป2026-08-28-risk-management-combined
sni	SSI (Surgical Site Infection)	สรุป2026-08-28-risk-management-combined
อัลตราสเลต	Ultra-safe	สรุป2026-08-28-risk-management-combined
เอาท์ลาดา	ไม่แน่ชัด — บริบทอธิบายกลุ่มความเสี่ยง "ต้องเกิด ป้องกันยาก ต้องใช้ความเชี่ยวชาญ" (เช่น trauma ฉุกเฉิน)	สรุป2026-08-28-risk-management-combined
แคร์โพเซส / แพร์โพเซส / แพร์โปรเซส	Care process	สรุป2026-08-28-risk-management-combined
hn an	HN/AN (Hospital Number / Admission Number)	สรุป2026-08-28-risk-management-combined
เว้าไตรคัสติ / ไมทว้า	Tricuspid valve / Mitral valve	สรุป2026-08-28-risk-management-combined
อาอา (ในประโยค "โออา อาอา")	OR, RR (ห้องผ่าตัด, ห้องพักฟื้น)	สรุป2026-08-28-risk-management-combined