[หน้า 2] นิยามคู่ขนาน	เศรษฐศาสตร์ = ศาสตร์ว่าด้วยผลของการจัดการภาวะขาดแคลนทรัพยากร / สุขภาพ (WHO) = สภาวะสมบูรณ์ทั้งกาย จิต สังคม ไม่ใช่แค่ปราศจากโรค [สไลด์]	สรุป2026-08-21-unit1-economics-financing-deep
[หน้า 3] เศรษฐศาสตร์กับสุขภาพ 3 มุม	(1) ประยุกต์หลักเศรษฐศาสตร์กำหนดนโยบายวางแผน/จัดบริการสาธารณสุข (2) ใช้ทรัพยากรจำกัดให้เกิดประโยชน์สูงสุด (3) ใช้หลักเศรษฐศาสตร์ตัดสินใจเลือกและจัดสรรทรัพยากร/งบประมาณ เพื่อผลต่อสุขภาพ**มากที่สุดและเป็นธรรม** [สไลด์] — จุดสำคัญ: คำว่า "เป็นธรรม" ถูกผูกไว้กับนิยามเศรษฐศาสตร์สุขภาพตั้งแต่ต้น ไม่ใช่แค่ "ประหยัด"	สรุป2026-08-21-unit1-economics-financing-deep
[หน้า 4] นิยามเศรษฐศาสตร์ศึกษา 3 ขั้น	(1) ศึกษาวิธีจัดการทรัพยากรจำกัดกับความต้องการไม่จำกัด (2) ผู้กำหนดนโยบายต้องการทราบทางเลือก (choices) (3) เศรษฐศาสตร์ศึกษามุ่งศึกษาทางเลือกของประชาชนภายใต้ข้อจำกัดทรัพยากร [สไลด์]	สรุป2026-08-21-unit1-economics-financing-deep
[หน้า 5] สองนิยามอ้างอิง	Health economics (Berger et al 2003) = หลักวิเคราะห์เศรษฐศาสตร์ของสุขภาพ เน้นต้นทุน(ปัจจัยนำเข้า)+ผลลัพธ์ ผสมทฤษฎีเศรษฐศาสตร์+การแพทย์ / Economic evaluation (Drummond et al 2005) = วิเคราะห์เปรียบเทียบทางเลือกครอบคลุมทั้งต้นทุนและผลลัพธ์ [สไลด์] — **นี่คือรากฐานสำคัญที่สุดของทั้งวิชา**: ทุกเครื่องมือ (CEA/CUA/CBA/ICER) ล้วนต่อยอดจากนิยามนี้	สรุป2026-08-21-unit1-economics-financing-deep
[หน้า 7] 5 ประเด็นการศึกษาทางเศรษฐศาสตร์สุขภาพ	(1) พฤติกรรมผู้ใช้/ผู้ให้บริการ (2) ต้นทุนสาธารณสุข (3) ระบบการคลังสาธารณสุข (4) ระบบประกันสุขภาพ (5) การประเมินผลทางเศรษฐศาสตร์ [สไลด์] — เป็นกรอบภาพรวมที่ครอบคลุมทั้งสองสไลด์เด็คในวิชานี้ (ชุด health economics = ข้อ 1,2,5 / ชุด health financing = ข้อ 3,4)	สรุป2026-08-21-unit1-economics-financing-deep
[หน้า 8] ความสำคัญของเศรษฐศาสตร์สุขภาพ 4 ข้อ	(1) กำหนดบริการสุขภาพ (2) กำหนดต้นทุนที่แท้จริงของบริการ (3) ประเมินต้นทุน-ผลประโยชน์ของตัวเลือกนโยบาย (4) ประมาณผลกระทบของตัวแปรเศรษฐกิจต่อการใช้บริการสุขภาพ (Chaudhary AS, 2018) [สไลด์]	สรุป2026-08-21-unit1-economics-financing-deep
[หน้า 9] เศรษฐศาสตร์มหภาค	วิเคราะห์ภาพรวม ครอบคลุมการบริโภค/การว่างงาน/เงินเฟ้อ/การเติบโตทางเศรษฐกิจ เน้น big picture ไม่สนใจรายละเอียด [สไลด์]	สรุป2026-08-21-unit1-economics-financing-deep
[หน้า 10] เศรษฐศาสตร์จุลภาค	ศึกษาการบริโภค-ผลิต-กระจายในระดับบุคคล/องค์กร ประเมินพฤติกรรม agent-market-outcomes มุ่งแต่ละส่วนมากกว่าภาพรวม [สไลด์]	สรุป2026-08-21-unit1-economics-financing-deep
[หน้า 11] แผนภาพ Health and economics	ทรัพยากรจำกัด + ความต้องการไม่สิ้นสุด → scarcity ของระบบสุขภาพ → economic study → เลือกบริการที่คุ้มค่า มีประสิทธิภาพ เป็นธรรม สาเหตุความขาดแคลน 4 อย่าง: health care dilemma, demographic changes, increasing expectations, technological advancement [สไลด์]	สรุป2026-08-21-unit1-economics-financing-deep
[หน้า 12] Infographic ความเท่าเทียม (Equality) vs ความเป็นธรรม (Equity) vs สภาพปัจจุบัน	Equality=ให้ทุกคนเท่ากันแต่ผลลัพธ์ไม่เท่ากัน / Equity=จัดสรรตามความจำเป็นให้โอกาสเท่าเทียม / ปัจจุบัน=โอกาสไม่เท่ากันตั้งแต่ต้น สรุป "ความเป็นธรรมไม่ได้แปลว่าให้เหมือนกัน แต่คือทำให้ทุกคนมีโอกาสไปถึงจุดหมายได้เท่ากัน" [สไลด์]	สรุป2026-08-21-unit1-economics-financing-deep
[หน้า 13] การ์ด 3 อัน	Efficiency (สังคมได้ประโยชน์สูงสุดจากทรัพยากรจำกัด) / Equity (ผลประโยชน์กระจายเป็นธรรม) / Equality (ช่วยเหลือแบบเดียวกันไม่คำนึงความต้องการ) [สไลด์]	สรุป2026-08-21-unit1-economics-financing-deep
[หน้า 14] ★ จุดที่สรุปเดิมพลาด — กรอบ 3 ประเด็นแยกจากหน้า 7: ประเด็นในการศึกษาทางเศรษฐศาสตร์สุขภาพ (กรอบทางเลือกที่ 2 ของวิชา ไม่ใช่กรอบ 5 ข้อจากหน้า 7)	(1) การหาปริมาณทรัพยากรที่ใช้ในการให้บริการสุขภาพในช่วงเวลาหนึ่ง (2) ประสิทธิภาพในการจัดสรร/ใช้ทรัพยากรเพื่อวัตถุประสงค์ด้านสุขภาพ (3) ผลผลิต/ผลลัพธ์ของบริการสุขภาพต่อสุขภาพและความเป็นอยู่ที่ดีของประชากร (Chaudhary AS, 2018) [สไลด์] — **นี่คือกรอบ "input-process-output" แบบย่อ ตรงกับ ABC framework ในหน้า 17 (ปัจจัยนำเข้า→กระบวนการ→ผลลัพธ์) และตรงกับ input-output diagram ของ health financing (fin-02) — เป็นแกนความคิดที่ร้อยทั้งสองสไลด์เด็คเข้าด้วยกัน**	สรุป2026-08-21-unit1-economics-financing-deep
[หน้า 15] ประโยชน์ของการประเมินทางเศรษฐศาสตร์ต่อบริการพยาบาล/จัดการทรัพยากร 4 ข้อ	ยกระดับคุณภาพ+กระจายทรัพยากร / วิเคราะห์การใช้ทรัพยากร-เทคโนโลยีไม่เหมาะสม (สูงเกิน=สิ้นเปลือง ต่ำเกิน=ไม่ได้ผล) / วางแผนทรัพยากรบุคคลพยาบาลที่ขาดประสิทธิภาพ / วางแผนบริการไม่ให้คุณภาพต่ำ/ใช้ทรัพยากรเกินจำเป็น (ที่มา: จินนะรัตน์ ศรีภัทรภิญโญ, อัมภา ศราวัชต์ 2551) [สไลด์]	สรุป2026-08-21-unit1-economics-financing-deep
[หน้า 16] Steps of costing 6 ขั้น (Riewpaiboon)	(1) Study design (2) Organization/activity identification (3) Identification of resources used (4) Measurement of resources used (5) Valuation of resources used (6) Analysis and presentation [สไลด์]	สรุป2026-08-21-unit1-economics-financing-deep
[หน้า 17] Activities based costing (ABC) diagram	ต้นทุน/ปัจจัยนำเข้า (ต้นทุนกิจกรรม+ต้นทุนคุณภาพ) → กระบวนการหลักการปฏิบัติการพยาบาล (ประเมิน→กำหนดเป้าหมาย→วางแผน→ปฏิบัติการ 4 มิติ→ประเมิน/ดูแลต่อเนื่อง + ฝึกอบรม/ปรับปรุงคุณภาพ) → ผลลัพธ์ตามเป้าหมาย (ผู้ใช้บริการ/สังคม-สิ่งแวดล้อม/ผู้ให้บริการ) [สไลด์]	สรุป2026-08-21-unit1-economics-financing-deep
[หน้า 18] รายละเอียดต้นทุนบริการพยาบาล 2 หมวด	(1) ต้นทุนกิจกรรม = ค่าแรง(เงินเดือน/OT/ค่ารักษาพยาบาล/ค่าเช่าบ้าน/ค่าเล่าเรียนบุตร) + ค่าลงทุน(ค่าเสื่อมราคา) + ค่าวัสดุ(สิ้นเปลือง) / (2) ต้นทุนคุณภาพ = ป้องกัน(ฝึกอบรม) + ตรวจสอบ(นิเทศ/ประเมินคุณภาพภายใน) + ความบกพร่อง(อุบัติการณ์) [สไลด์]	สรุป2026-08-21-unit1-economics-financing-deep
[หน้า 19] กรอบวิเคราะห์ต้นทุนกิจกรรม 2 ฝั่ง — ฝั่งที่ 1 "ต้นทุนการดำเนินกิจกรรมบริการพยาบาล" และฝั่งที่ 2 "ต้นทุนของหน่วยบริหารจัดการบริการพยาบาล" **แต่ละฝั่งแบ่งย่อยเป็น 3 คอลัมน์เท่ากัน**	ต้นทุนทางตรง(ค่าแรง/ค่าวัสดุ/ค่าเสื่อมราคา) | ต้นทุนทางอ้อม(ค่าแรง/ค่าวัสดุ/ค่าเสื่อมราคาจากสินทรัพย์ถาวร) | ต้นทุนการลงทุน(ค่าฝึกอบรม/ค่าจัดเตรียมครุภัณฑ์) — ด้านล่างมีลูกศรสรุปว่าฝั่งกิจกรรม≈ต้นทุนทางตรงเป็นหลัก ฝั่งบริหารจัดการ≈ต้นทุนทางอ้อมเป็นหลัก [สไลด์]	สรุป2026-08-21-unit1-economics-financing-deep
[หน้า 20] แบบฟอร์มเก็บข้อมูลต้นทุน ABC — คอลัมน์	ลำดับที่/กิจกรรม/หน่วยนับผลผลิต/จำนวนผลผลิต/เวลาผู้ปฏิบัติ (คนที่ 1-4, นาที)/รายการวัสดุ/จำนวน/เวลา(นาที)/ราคา(บาท) [สไลด์]	สรุป2026-08-21-unit1-economics-financing-deep
[หน้า 21] แบบฟอร์มต้นทุนแรงงาน (2.1 Labor cost) — คอลัมน์	ลำดับที่/ผู้ปฏิบัติกิจกรรม/เงินเดือน/ค่าเวร-เบี้ยเลี้ยง/ค่าตอบแทนอื่นๆ/ค่าอบรม/หมายเหตุ [สไลด์]	สรุป2026-08-21-unit1-economics-financing-deep
[หน้า 22] แบบฟอร์มสินทรัพย์ถาวร ส่วนที่ 1 สถานที่ (2.2 Capital cost) — เก็บ	อาคาร/มูลค่าก่อสร้าง/ปีที่เริ่มใช้/อายุการใช้งานตามเกณฑ์/พื้นที่ใช้งานรวม/พื้นที่ใช้ดำเนินการ/ระยะเวลาที่ใช้ดำเนินการ [สไลด์]	สรุป2026-08-21-unit1-economics-financing-deep
[หน้า 23] แบบฟอร์มสินทรัพย์ถาวร ส่วนที่ 2 ครุภัณฑ์/อุปกรณ์ — คอลัมน์	ลำดับที่/ครุภัณฑ์/มูลค่าที่ซื้อ/ปีที่ซื้อ/อายุการใช้งานตามเกณฑ์/ระยะเวลาที่ใช้ในโครงการ [สไลด์]	สรุป2026-08-21-unit1-economics-financing-deep
[หน้า 24] แบบฟอร์มต้นทุนผู้ป่วย+ครอบครัว (3. Patient's cost) — เก็บย้อนหลังจากสัมภาษณ์	ครั้งที่/กิจกรรม/สถานที่รับบริการ/ระยะทาง(กม.)/ระยะเวลา(ชม.)/จำนวนญาติ/ค่าใช้จ่ายที่ผู้ให้บริการเรียกเก็บ (แยกย่อย: ค่าธรรมเนียม/ค่าอุปกรณ์/ค่ายา)/ค่าใช้จ่ายเนื่องจากการเข้ารับบริการ (แยกย่อย: ค่าเดินทาง/ค่าอาหารเครื่องดื่ม/ค่าที่พัก/อื่นๆ)/จำนวนเงินเบิกคืนจากประกัน [สไลด์]	สรุป2026-08-21-unit1-economics-financing-deep
[หน้า 26] Cost of Illness (COI) นิยาม 2 ข้อ	(1) ผลกระทบทางเศรษฐกิจรวมของโรคต่อสังคม ผ่านการระบุ-วัด-ประเมินมูลค่า direct+indirect cost ทั้งหมด (Berger et al 2003) (2) ขอบเขต = โรคหลัก+ผลตามมา(complications, sequelae) **ไม่รวม co-morbidity** (Kobelt 2002; Drummond 2005) [สไลด์]	สรุป2026-08-21-unit1-economics-financing-deep
[หน้า 27] COI analysis flow diagram — Perspective 3 แบบ	Societal / Public health / Provider perspective → นำไปสู่ cost of illness แตกแขนง: Direct cost (Medical: hospitalization/OPD/lab/medical services ; Non-Medical: transportation/meal/accommodation/devices/patient time/informal care) + Indirect cost (work absence: sick leave/disability/death) + Intangible cost [สไลด์]	สรุป2026-08-21-unit1-economics-financing-deep
[หน้า 28] Type of cost 3 แบบ	Direct Cost (จากกระบวนการรักษา) / Indirect Cost ("losses" ต่อสังคมจากผลกระทบของโรค/การรักษา) / Intangibles (distress, suffering, anxiety, impact on QoL) [สไลด์]	สรุป2026-08-21-unit1-economics-financing-deep
[หน้า 29] Discounting diagram	Past→Present (Inflation rate/CPI) → Future (Interest rate) → ย้อนกลับ Future→Present (Discount rate) — WHO แนะนำ discount rate = 3% (base case), ใช้ 0% และ 6% สำหรับ sensitivity analysis (Riewpaiboon A.) [สไลด์]	สรุป2026-08-21-unit1-economics-financing-deep
[หน้า 30] ภาพปกหนังสือ "รายงานต้นทุนมาตรฐานเพื่อการประเมินเทคโนโลยีด้านสุขภาพ" โดย HiTAP (Health Intervention and Technology Assessment Program) — ที่มา	อาทร รั้วไพบูลย์ และคณะ [สไลด์] (หน้านี้เป็นภาพปกหนังสือล้วน ไม่มีเนื้อหาสรุปเพิ่ม)	สรุป2026-08-21-unit1-economics-financing-deep
[หน้า 31] ★ จุดที่สรุปเดิมไม่ได้กล่าวถึง — ตัวอย่างประกอบแนวคิด scarcity/choice: ภาพเปรียบเทียบการตัดสินใจ 2 คู่	(1) โปรโมชั่นเครื่องดื่ม 2 แก้ว 99 บาท VS เมนูเครื่องดื่มยอดนิยม 180 บาท/แก้ว (2) ยาพาราเซตามอลกล่องสีเขียว VS กล่องสีแดง (คุณสมบัติเดียวกัน) สรุปท้ายภาพ "พิจารณาความต้องการของตนเอง เลือกสิ่งที่เหมาะสมที่สุดสำหรับคุณ" [สไลด์] — **[เสริม]** ภาพนี้เป็นตัวอย่างสอนแนวคิด **opportunity cost / consumer choice** แบบง่าย: เมื่อทรัพยากร(เงิน)จำกัด ต้องเลือกระหว่างทางเลือกที่ให้ผลลัพธ์ต่างกัน (ราคา/ปริมาณ) หรือทางเลือกที่ "เทียบเท่ากัน" (ยาพาราฯ สองยี่ห้อ = เหมือน CMA ที่ผลลัพธ์เท่ากันจึงเทียบแค่ราคา) เป็นสะพานเชื่อมจากแนวคิด micro-consumer มาสู่หลักการ CMA/CEA ในหัวข้อถัดไป	สรุป2026-08-21-unit1-economics-financing-deep
[หน้า 32] Economic evaluation นิยาม (Drummond et al 2005)	การวิเคราะห์เปรียบเทียบทางเลือกทั้งด้านต้นทุน(การใช้ทรัพยากร)และผลลัพธ์ — Flowchart: Illness → Intervention A (Cost A → Outcomes A) / Intervention B (Cost B → Outcomes B) → **ICER = (Cost1-Cost2)/(Outcome1-Outcome2)** เปรียบเทียบ A vs B [สไลด์]	สรุป2026-08-21-unit1-economics-financing-deep
[หน้า 33] Outcomes of the services 3 กลุ่ม	Clinical (blood pressure, life year gained, mortality, mobility) / Economic (cost saving, cost burden/avoidance) / Humanistic (HRQoL, disease-specific QoL, patient satisfaction) [สไลด์]	สรุป2026-08-21-unit1-economics-financing-deep
[หน้า 34] ตาราง Clinical Outcomes	Efficacy = ผลลัพธ์จากการใช้เทคโนโลยี/ได้รับการรักษา ภายใต้เงื่อนไขอุดมคติ "Can it work under ideal conditions?" / Effectiveness = ผลลัพธ์การรักษาภายใต้สภาพจริง นอกบริบท RCT [สไลด์]	สรุป2026-08-21-unit1-economics-financing-deep
[หน้า 35] ต่อจากตารางหน้า 34	Intermediate (Surrogate) outcome = ผลการวัดทางห้องปฏิบัติการ/สัญญาณทางกาย ใช้แทนจุดสิ้นสุดทางคลินิกที่แท้จริง (ที่วัดว่าผู้ป่วยรู้สึก/ทำงาน/รอดชีวิตอย่างไรโดยตรง) ตัวอย่าง: outcome ของการป้องกัน stroke [สไลด์]	สรุป2026-08-21-unit1-economics-financing-deep
[หน้า 36] ตัวอย่างตาราง Disease/Intermediate/Final outcome	เบาหวาน (Intermediate=ระดับน้ำตาลในเลือด, Final=คุณภาพชีวิต/ปีสุขภาวะ/การเสียชีวิต) / ความดันโลหิตสูง (Intermediate=ระดับความดัน, Final=อัตรา stroke/โรคหัวใจ/การรอดชีวิต) [สไลด์]	สรุป2026-08-21-unit1-economics-financing-deep
[หน้า 37] Economic Outcomes — Direct Benefits	จำนวนเงินที่ประหยัดได้จากค่าใช้จ่ายป้องกัน/ตรวจพบ/รักษา/ฟื้นฟู/ฝึกอบรม/ยา/อุปกรณ์การแพทย์/บริการวิชาชีพ ตัวอย่าง: Cost saving (เปรียบเทียบก่อน-หลัง), Cost avoidance (ประโยชน์จากการเลี่ยงค่าใช้จ่ายในอนาคตที่ค่อนข้างแน่นอน แม้ยังไม่ได้ตั้งงบ) [สไลด์]	สรุป2026-08-21-unit1-economics-financing-deep
[หน้า 38] Economic Outcomes ต่อ — Indirect Benefits	รายได้/ผลผลิตที่เพิ่มขึ้นซึ่งจะไม่เกิดหากไม่มีโปรแกรมสุขภาพนั้น คำนวณด้วย **human capital approach** (เช่น ผู้ป่วยกลับไปทำงานได้หลังกินยา) / Intangible Benefits: ประโยชน์ทางจิตใจ เช่น ความพึงพอใจในชีวิต/สุขภาพ ใช้ **willingness to pay (WTP) approach** ประเมินตรงด้วยแบบสอบถามว่าจะจ่ายเท่าไรเพื่อลดความเสี่ยงตาย/ป่วย เช่น "จะจ่ายเท่าไรเพื่อรับบริการดูแลเท้าเบาหวาน (DM foot care)?" [สไลด์]	สรุป2026-08-21-unit1-economics-financing-deep
[หน้า 39] QALY นิยาม	QALY = number of years lived × utility — number of years = ปริมาณชีวิต, utility = quality weight สะท้อน HRQoL (เช่น EQ-5D) พิสัย 0(แย่ที่สุด)ถึง1(ดีที่สุด/healthy) — **QALY และ utility อาจต่ำกว่า 0 เมื่อสังคมประเมินสถานะนั้นว่าแย่กว่าการเสียชีวิต ไม่ควรจำกัด utility ไว้ที่ 0–1 เสมอ** [สไลด์]	สรุป2026-08-21-unit1-economics-financing-deep
[หน้า 40] ตัวอย่าง QALY	intervention vs non-intervention (DM patient) — Intervention: utility 0.50×1ปี + 0.70×4ปี = **3.30 QALYs** / Non-intervention: utility 0.50×5ปี = **2.5 QALYs** [สไลด์]	สรุป2026-08-21-unit1-economics-financing-deep
[หน้า 41] ตัวอย่าง QALY	DM patient vs Healthy people อายุ 50 ปีเท่ากัน — DM: 50×0.5=**25 QALYs** VS Healthy: 50×1=**50 QALYs** [สไลด์]	สรุป2026-08-21-unit1-economics-financing-deep
[หน้า 42] ตาราง 4 รูปแบบการประเมิน (Nominator/Denominator)	CMA(ตัวเงิน/-) CEA(ตัวเงิน/natural unit เช่น mmHg) CUA(ตัวเงิน/common unit เช่น QALY,DALY) CBA(ตัวเงิน/ตัวเงิน) — นิยาม QALY (ระยะเวลามีชีวิต+คุณภาพชีวิตกาย-จิต-สังคม) และ DALY (จำนวนปีที่เสียไปจากสุขภาพไม่ดี/พิการ/ตายก่อนวัย เทียบ life expectancy) หัวข้อบนสุด: "Economic evaluation is not 'choosing the cheapest' it is about choosing best 'value for money' within constraints" [สไลด์]	สรุป2026-08-21-unit1-economics-financing-deep
[หน้า 43] ความคุ้มค่าคุ้มทุนบริการ	ความคุ้มค่า=ผลต่างระหว่างผลจากวิธีการที่ต่างกัน / ICER=(Cost1-Cost2)/(Outcome1-Outcome2) / การพิจารณาไม่ใช่แค่ประหยัด ต้องพิจารณาคุณค่าของผลลัพธ์ด้วย / **ประเทศไทยกำหนด threshold ICER < 160,000 บาท/QALY ถือว่าคุ้มค่า** [สไลด์]	สรุป2026-08-21-unit1-economics-financing-deep
[หน้า 44] Cost-minimization analysis (CMA) 5 ข้อ	(1) เครื่องมือเปรียบเทียบต้นทุนของโปรแกรมที่ผลลัพธ์เท่ากัน เปรียบเทียบการรักษาระหว่างทางเลือกที่มี efficacy/effectiveness/safety เท่ากัน (2) เปรียบเทียบต้นทุนของ intervention ต่างๆ ที่สมมติว่าให้ประโยชน์เท่ากัน (3) หาวิธีที่ถูกที่สุดในการได้ผลประโยชน์สุขภาพ (4) ยากที่จะพบความเท่าเทียมที่แท้จริงของ efficacy/effectiveness (intervention ต่างกันมักผลลัพธ์ไม่เท่ากันจริง) (5) **วิธี CMA ในการประเมินทางเศรษฐศาสตร์สุขภาพ (HEE) จึงมักถูกตัดออก** [สไลด์]	สรุป2026-08-21-unit1-economics-financing-deep
[หน้า 45] Cost-Benefit analysis (CBA) 3 ข้อ	(1) วัดทั้ง resource costs และ health benefit เป็นหน่วยเงินทั้งคู่ (2) เปรียบเทียบตรงระหว่างต้นทุนของ intervention กับมูลค่าประโยชน์ ดูว่าอันไหนสูงกว่า (3) ในทางปฏิบัติยากที่จะตีมูลค่าประโยชน์สุขภาพเป็นเงิน [สไลด์]	สรุป2026-08-21-unit1-economics-financing-deep
[หน้า 46] ตัวอย่าง CEA	Project A (200,000 บาท, +10 ปี) vs B (300,000 บาท, +20 ปี) → ICER = (200,000-300,000)/(10-20) = **10,000 บาท/ปี** "จ่ายเพิ่ม 10,000 บาทต่อการเพิ่มผลลัพธ์ 1 ปี" [สไลด์]	สรุป2026-08-21-unit1-economics-financing-deep
[หน้า 47] ข้อจำกัด CEA	เปรียบผลลัพธ์ต่างชนิดไม่ได้ ต้องหน่วยเดียวกัน วัดได้เพียงผลลัพธ์เดียว นิยมใช้เปรียบเทียบ 2 ทางเลือกในโรคเดียวกัน — การแปลผล ICER: **ICER สูง**=ต้นทุนต่างกันมากหรือผลลัพธ์ต่างกันน้อย / **ICER ต่ำ**=ต้นทุนต่างกันน้อยหรือผลลัพธ์ต่างกันมาก [สไลด์]	สรุป2026-08-21-unit1-economics-financing-deep
[หน้า 48] Cost-utility analysis (CUA) นิยาม+ตัวอย่าง	วิเคราะห์ cost กับ outcome (มองคุณภาพชีวิตด้วย QALY = จำนวนปีที่มีอายุ × ค่าอรรถประโยชน์) ตัวอย่าง: ผู้ป่วยเบาหวาน 50×0.5=25 QALYs VS คนสุขภาพดี 50×1=50 QALYs สรุป "ยิ่งได้ค่า QALYs สูง หมายถึงคุณภาพชีวิตโดยรวมยิ่งดีในต้นทุนที่จ่ายไป" [สไลด์]	สรุป2026-08-21-unit1-economics-financing-deep
[หน้า 49] CUA ≡ Cost/QALY — ตัวอย่าง	Project A (200,000 บาท, 10 QALYs) vs B (300,000 บาท, 20 QALYs) → ICER = (200,000-300,000)/(10-20) = **10,000 บาท/QALY** "จ่ายเพิ่ม 10,000 บาทต่อการเพิ่มปีสุขภาวะ 1 ปี" [สไลด์]	สรุป2026-08-21-unit1-economics-financing-deep
[หน้า 50] จุดเด่นของ CUA 3 ข้อ	(1) เหมาะเปรียบเทียบผู้ป่วยคนละโรคที่วัดผลลัพธ์เหมือนกัน (2) ครอบคลุมกว่าเพราะรวมผลลัพธ์ทางมนุษยศาสตร์ สะท้อนทั้งปริมาณและคุณภาพ (3) ผลลัพธ์ที่ใช้เปรียบเทียบเป็น **final outcome** [สไลด์]	สรุป2026-08-21-unit1-economics-financing-deep
[หน้า 51] ขั้นตอนการประเมินความคุ้มค่าคุ้มทุน ข้อ 1-4	(1) วิเคราะห์ภารกิจสำคัญตามบทบาทหน้าที่หน่วยงาน วิเคราะห์ความเชื่อมโยงบริการพยาบาลหลักกับผลลัพธ์ (2) วิเคราะห์เหตุผล/ความจำเป็น กำหนดเป้าหมาย/วัตถุประสงค์ (3) วิเคราะห์ขอบเขตบริการพยาบาลและผลลัพธ์ที่ต้องการประเมิน (4) วิเคราะห์ต้นทุนบริการพยาบาล แจกแจงต้นทุนกิจกรรม+ต้นทุนคุณภาพ (ที่มา: จินนะรัตน์ฯ 2551) [สไลด์]	สรุป2026-08-21-unit1-economics-financing-deep
[หน้า 52] ขั้นตอนต่อ ข้อ 5-7	(5) วิเคราะห์ผลลัพธ์บวก-ลบ (ระยะเวลานอน รพ./ความสามารถดูแลตนเอง/ภาวะแทรกซ้อน/การเสียรายได้/คุณภาพชีวิต) → เชื่อมโยงสู่การเปลี่ยนแปลงภาวะสุขภาพ/คุณภาพชีวิตผู้ใช้บริการ/ผลกระทบสังคม-สิ่งแวดล้อม (6) จัดเก็บข้อมูลผลลัพธ์ (7) วิเคราะห์-ประเมินต้นทุน-ผลลัพธ์ เทียบมาตรฐาน/เป้าหมาย [สไลด์]	สรุป2026-08-21-unit1-economics-financing-deep
[หน้า 53] ทิศทางในอนาคต 3 ข้อ	(1) พัฒนาคุณภาพบริการพยาบาลตอบสนองผู้รับบริการต่อเนื่อง ติดตามประสิทธิผลเชิงประจักษ์ (2) ประเมินทรัพยากรที่ใช้ (ต้นทุน+ความคุ้มค่า-คุ้มทุน) สะท้อนผลกระทบต่อประชาชน (3) นำเสนอข้อมูลเชิงประจักษ์เพื่อผลักดันข้อเสนอเชิงนโยบาย — สโลแกน: คุณภาพ🛡 คุ้มค่า💲 ก้าวหน้า↗ เพื่อสุขภาพที่ดียิ่งขึ้นของประชาชน [สไลด์]	สรุป2026-08-21-unit1-economics-financing-deep
[fin-02] Input-Output diagram การจัดระบบบริการสุขภาพ — ปัจจัยนำเข้า	กำลังคนด้านสุขภาพ/สถานบริการ/ยาและเทคโนโลยี/**การเงินการคลังด้านสุขภาพ** → ผลลัพธ์: การเข้าถึงบริการ/ประสิทธิภาพและคุณภาพบริการ/ความเป็นธรรมของระบบบริการ [สไลด์]	สรุป2026-08-21-unit1-economics-financing-deep
[fin-03] ★ ไม่มีในสรุปเดิม: ค่าใช้จ่ายเฉลี่ยต่อเดือนของครัวเรือนไทย จำแนกประเภท ปี 2567 — รวมเฉลี่ย **22,282 บาท/เดือน** แบ่งเป็นค่าใช้จ่ายไม่เกี่ยวกับอุปโภคบริโภค 13.3% (2,963 บาท	ภาษี/ดอกเบี้ย/สลากกินแบ่ง/เบี้ยประกัน) + ค่าใช้จ่ายอุปโภคบริโภค 86.7% (19,319 บาท) แยกย่อย: อาหาร/เครื่องดื่ม/ยาสูบ 35.9% (8,005 บาท) > ที่อยู่อาศัย/เครื่องใช้ 21.3% (4,736 บาท) > ยานพาหนะ/เดินทาง 16.7% (3,713 บาท) > เครื่องนุ่งห่ม 4.6% (1,036 บาท) > สื่อสาร 3.7% (826 บาท) > การศึกษา 1.3% (293 บาท) > **เวชภัณฑ์/ค่ารักษา 1.2% (272 บาท)** > บันเทิง 1.1% (242 บาท) > ศาสนา 0.9% (197 บาท) (ที่มา: สำนักงานสถิติแห่งชาติ 2567) [สไลด์] — **จุดสำคัญ:** ค่ารักษาพยาบาลเป็นสัดส่วนน้อยที่สุดกลุ่มท้ายๆของค่าใช้จ่ายครัวเรือนไทย (แปลว่าระบบประกันสุขภาพถ้วนหน้าไทยช่วยลด out-of-pocket ได้มาก — เชื่อมกับแนวคิด financial risk protection)	สรุป2026-08-21-unit1-economics-financing-deep
[fin-04] ★ ไม่มีในสรุปเดิม: แนวโน้มค่าใช้จ่ายครัวเรือนย้อนหลัง 2562-2567 (หน่วย	บาท) — รวมทั้งสิ้นเฉลี่ยเพิ่มขึ้นเกือบทุกปี: 2562=20,742 → 2563=21,329 → 2564=21,616 → 2565=22,372 → 2566=23,695 (สูงสุด) → 2567=22,282 (ลดลงจากปีก่อน) — สัดส่วนอุปโภคบริโภคที่ครัวเรือนจ่ายเอง (สีส้ม) เทียบกับที่ไม่ได้จ่ายเอง (สีส้มอ่อน) เปลี่ยนแปลงตามปี เช่นปี 2564 สัดส่วน "ไม่ได้จ่ายเอง" สูงถึง 20.7% (สูงสุดในช่วง) ซึ่งตรงกับช่วงโควิด-19 [สไลด์] + [เสริม: ปี 2564 คือช่วงพีคของการระบาดโควิด-19 ในไทย อาจอธิบายทั้งรายจ่ายลดและสัดส่วนได้รับความช่วยเหลือ/ไม่จ่ายเองสูงขึ้น]	สรุป2026-08-21-unit1-economics-financing-deep
[fin-05] ★ ไม่มีในสรุปเดิม: แนวโน้มงบประมาณกระทรวงสาธารณสุขและสัดส่วนต่องบประมาณประเทศ ปีงบ 2555-2567 — งบประเทศเพิ่มจาก 2,380,000 ล้านบาท (2555) เป็น 3,480,000 ล้านบาท (2567) ต่อเนื่อง ส่วนสัดส่วนงบ สธ. ต่องบประเทศ (%) ผันผวนในช่วง 8.4-9.6% ตลอด 13 ปี ไม่ได้เพิ่มเป็นเส้นตรง (สูงสุดปี 2565=9.6%, ต่ำสุดปี 2555=8.4%) (ที่มา	รายงานผลประเมินยุทธศาสตร์ความเป็นเลิศ 4 ด้าน สธ. ปีงบ 2567) [สไลด์] — **[เสริม]** แม้งบสาธารณสุขจะเพิ่มเป็นตัวเลขสัมบูรณ์ แต่ "ส่วนแบ่ง" ต่องบประเทศไม่ได้เพิ่มมาก แปลว่าสัดส่วนความสำคัญเชิงนโยบายด้านสุขภาพเทียบกับด้านอื่นค่อนข้างคงที่	สรุป2026-08-21-unit1-economics-financing-deep
[fin-08] สถานะ 3 กองทุนสุขภาพ (HSRI Forum 2555)	ประกันสังคม 846,544 ล้านบาท(รัฐสมทบ33.3%) 10.4 ล้านคน 2,105 บาท/คน / หลักประกันสุขภาพ 120,846 ล้านบาท(รัฐ100%) 47.1 ล้านคน 2,755 บาท/คน / ข้าราชการ 62,195 ล้านบาท(รัฐ100%) 4.9 ล้านคน 11,000-12,000 บาท/คน [สไลด์] (ดูข้อสังเกตความไม่สอดคล้องด้านบน)	สรุป2026-08-21-unit1-economics-financing-deep
[fin-09/fin-10] ตารางเปรียบเทียบ CSMBS/SSS/UCS	แนวคิด(รัฐสวัสดิการข้าราชการ/ความมั่นคงสังคม/สิทธิพื้นฐาน) หน่วยงาน(กรมบัญชีกลาง/สปส./สปสช.) สัดส่วนผู้มีสิทธิปี2551(8%/15.8%/75%) แหล่งเงิน(งบรัฐ/รัฐ-นายจ้าง-ลูกจ้างเท่ากัน/งบรัฐ) สิทธิประโยชน์ เงื่อนไขการใช้บริการ วิธีจ่าย(FFS OP+DRG IP / เหมาจ่ายรายหัวรวม+จ่ายเพิ่มรายกรณี / เหมาจ่ายรายหัว P&P&OP + Global budget ถ่วงน้ำหนัก DRG IP) [สไลด์]	สรุป2026-08-21-unit1-economics-financing-deep
[fin-11] ความสำคัญของระบบการจ่ายค่าบริการ	provider payment mechanisms เป็นกลไกหลักการเงินสุขภาพตาม WHO framework มีผลโดยตรงต่อพฤติกรรมผู้ให้บริการ คุณภาพ ความยั่งยืนทางการคลัง — วิธีจ่ายสร้าง incentives ให้ผู้ให้บริการทำในทิศทางที่ต้องการ/ไม่ต้องการ ต้องคำนึงผลต่อคุณภาพ ความเสมอภาค ต้นทุนรวม (อ้างอิง WHO 2022, Cashin/Sparkes/Bloom WHO 2017, Langenbrunner/Cashin World Bank 2009, Barnum/Kutzin/Saxenian 1995) [สไลด์]	สรุป2026-08-21-unit1-economics-financing-deep
[fin-12] ผลของวิธีจ่ายต่อพฤติกรรม (จิรุตม์ ศรีรัตนบัลล์ 2544)	จ่ายตามปริมาณ(FFS)→ปริมาณบริการเพิ่มมีนัยสำคัญ / เหมาจ่าย(capitation)→ลดปริมาณบริการแต่เพิ่มบทบาทป้องกันโรค / prospective เช่น DRG→รพ.ใช้ทรัพยากรมีประสิทธิภาพมากขึ้น [สไลด์]	สรุป2026-08-21-unit1-economics-financing-deep
[fin-13/fin-14] FFS	จ่ายตามรายการที่ทำจริง (ตัวอย่าง CSMBS, สหรัฐฯ, ญี่ปุ่น, เอกชนทั่วโลก) — ข้อดี: กำหนดอัตราตามส่วนผสมบริการต่างกันได้ / เพิ่มปริมาณ-การเข้าถึงทันที / สนับสนุนบริการซับซ้อน (MRI, endoscopy) สะท้อนต้นทุนจริง ลงทุนเทคโนโลยีได้ — ข้อเสีย: กระตุ้น overuse (สั่ง CT/MRI ไม่มีข้อบ่งชี้) / ต้นทุนระบบสูงควบคุมยาก (สหรัฐฯค่าใช้จ่ายสูงสุดโลกแต่ผลลัพธ์ไม่ดีที่สุด) / ไม่ส่งเสริมงานป้องกัน / กระตุ้น low-value care / มีแนวโน้มไม่ส่งต่อผู้ป่วยไปสถานบริการเหมาะสม [สไลด์]	สรุป2026-08-21-unit1-economics-financing-deep
[fin-15] Fee Schedule	กำหนดราคาล่วงหน้าอิงต้นทุนมาตรฐาน (ตัวอย่าง: ค่าคลอด ค่าทำฟัน) — ข้อดี: โปร่งใส ตรวจสอบง่าย คาดการณ์งบได้ ควบคุมราคา ลดความเหลื่อมล้ำราคา — ข้อเสีย: ถ้าราคาไม่ตรงต้นทุนจริง รพ.ขาดทุน ต้องปรับราคาสม่ำเสมอเพราะเทคโนโลยีเปลี่ยนเร็ว (อ้างอิง: Barber/Lorenzoni/Ong WHO 2019, Medicare Payment Advisory Commission 2020) [สไลด์]	สรุป2026-08-21-unit1-economics-financing-deep
[fin-16] Per-Visit Payment	เหมาจ่ายอัตราคงที่ต่อครั้งไม่พิจารณารายละเอียด — ข้อดี: ลดความยุ่งยากเอกสาร ลดตรวจซ้ำไม่จำเป็น — ข้อเสีย: อาจเกิด under-service, ไม่เหมาะผู้ป่วยซับซ้อนสูง, ไม่มีแรงจูงใจพัฒนาคุณภาพ [สไลด์]	สรุป2026-08-21-unit1-economics-financing-deep
[fin-17] Salary payment	เหมาจ่ายรายเดือนไม่คำนึงจำนวนผู้ป่วย/ครั้งบริการ — ประโยชน์: บริหารง่าย จำกัดวงเงินได้งบไม่บานปลาย / สร้างเสถียรภาพบุคลากร / เหมาะปฐมภูมิ-ส่งเสริมสุขภาพที่คิดค่าบริการเป็นชิ้นไม่ได้ — ข้อจำกัด: ลดแรงกระตุ้นควบคุมต้นทุนตามมาตรฐาน / ขาดแรงจูงใจสร้างผลผลิต บริการอาจน้อยเกินจำเป็น / เงินเดือนต่ำเกินไปอาจทำให้ย้ายงาน [สไลด์]	สรุป2026-08-21-unit1-economics-financing-deep
[fin-18/fin-19] Capitation Payment	จ่ายล่วงหน้าตามรายหัวผู้ป่วยในเขตรับผิดชอบ กำหนดกรอบเวลาบริการ — ข้อดี 8 ข้อ: บริหารง่ายลด claim processing / กระตุ้นแข่งขันคุณภาพเพิ่มผู้ลงทะเบียน / ส่งเสริมป้องกันโรค+continuity of care / ส่งเสริมปฐมภูมิ / เน้นโรคเรื้อรัง(chronic care) / เน้นส่งเสริมสุขภาพลดการใช้บริการ / จำกัดงบได้แม่นยำ — ข้อควรระวัง 4 ข้อ: ต้องศึกษา health risk indicators ต่อเนื่องให้อัตราเพียงพอ / อาจให้บริการต่ำกว่ามาตรฐานเพื่อลดต้นทุน ต้องควบคุมคุณภาพสูง / การส่งเสริมสุขภาพจะไม่เกิดถ้าไม่ส่งเสริมลงทะเบียนระยะยาว / ต้องเก็บข้อมูลค่าใช้จ่ายจริงเพื่อกำหนดอัตราใกล้เคียงความจริง (อ้างอิง: NHSO 2021) [สไลด์]	สรุป2026-08-21-unit1-economics-financing-deep
[fin-20] ตารางรวมบริการทางการแพทย์เหมาจ่ายรายหัว (บาท/ปี)	(1) OP ทั่วไป 1,279.31 (2) IP ทั่วไป 1,440.03 (3) กรณีเฉพาะ 373.67 (4) P&P 455.39 (5) ฟื้นฟูสมรรถภาพ 18.40 (6) การแพทย์แผนไทย 17.50 (7) งบลงทุน 128.69 (8) เงินช่วยเหลือเบื้องต้น 3.84 (9) จ่ายตามเกณฑ์คุณภาพ 2.00 — **รวม 3,719.23 บาทต่อผู้มีสิทธิ** [สไลด์]	สรุป2026-08-21-unit1-economics-financing-deep
[fin-21] รายละเอียด OP ทั่วไป 1,279.31 บาท — จ่ายแบบเหมาจ่ายต่อผู้มีสิทธิ (ระบุในกล่อง "1,270.31" ซึ่งไม่ตรงกับหัวข้อ ดูข้อสังเกตด้านบน) แบ่ง	(1) หน่วยบริการประจำตามจำนวนผู้มีสิทธิ (สังกัด สป.สธ. ใช้ข้อมูล ณ 1 เม.ย. 2563) หลักเกณฑ์คำนวณ **80% ตามโครงสร้างอายุประชากรจังหวัด (ต่างกันไม่เกิน±10% จากค่าเฉลี่ย) + 20% อัตราเท่ากันทุกกลุ่มอายุ** + (2) จ่ายตามเกณฑ์คุณภาพผลงานบริการ (9.00 บาท) จัดสรรเป็น Global budget ระดับเขต [สไลด์]	สรุป2026-08-21-unit1-economics-financing-deep
[fin-22/fin-47 — เนื้อหาซ้ำกัน] รายละเอียด IP ทั่วไป 1,440.03 บาท — แบ่ง 100 ลบ. บริหารระดับประเทศ (จ่ายเพิ่มเติมเขตที่อัตราไม่ถึง 8,350 บาท/adjRW) + ส่วนที่เหลือบริหารระดับเขต จัดสรร Global budget ใช้ DRG v5	(1) กรณีมาตรา 7 (รวม UCEP) สำรองเตียง นอกเขต เด็กแรกเกิด<1,500กรัม ODS&MIS Home Chemo → ราคากำหนด (2) การใช้บริการในเขต → จ่ายเบื้องต้นอัตรา **8,350 บาท/adjRW เท่ากันทุกเขต** สิ้นปีถ้าเหลือจ่ายเพิ่มตามผลงาน ถ้าอัตราต่ำกว่า 8,350 ใช้เงินบริหารระดับประเทศเสริม [สไลด์]	สรุป2026-08-21-unit1-economics-financing-deep
[fin-23] กรณีเฉพาะ 373.67 บาท — นิยาม	บริการที่จ่ายในระบบปกติจะกระทบผู้รับบริการ(เข้าไม่ถึงบริการคุณภาพ)และผู้ให้บริการ(รับภาระค่าใช้จ่ายสูง) โดยคำนึงความเป็นธรรม+ประสิทธิภาพ **ไม่เกินร้อยละ 12 ของงบเหมาจ่ายรายหัว** [สไลด์]	สรุป2026-08-21-unit1-economics-financing-deep
[fin-24] ★ รายละเอียดมากกว่าสรุปเดิมมาก: หลักเกณฑ์บริหารจัดการบริการกรณีเฉพาะ 4 หลักการ	(1) การรวมความเสี่ยง (Risk pooling) — ประกันเข้าถึงบริการคุณภาพเฉพาะโรคค่าใช้จ่ายสูง/ผู้ป่วยไม่มาก (2) ประสิทธิภาพจัดการทรัพยากร (Central bargaining/procurement) (3) ประกันการได้รับบริการจำเป็น เช่น ฉุกเฉินนอกเครือข่าย บริการนโยบายสำคัญ (4) คำนึงถึงความแตกต่างปัญหาระดับพื้นที่ [สไลด์]	สรุป2026-08-21-unit1-economics-financing-deep
[fin-25] ★ รายละเอียดมากกว่าสรุปเดิมมาก: กรณีเฉพาะ 5 กลุ่มหลัก (2 กลุ่มแรก)	**กลุ่ม 1 ปกป้องบริการนอกเครือข่ายกรณีจำเป็น**: 1.1 OP-AE ข้ามจังหวัด 1.2 มาตรา 7 ที่สถานบริการอื่น 1.3 OP refer ข้ามจังหวัด 1.4 ค่าพาหนะรับส่งต่อ 1.5 ผู้มีสิทธิยังไม่ลงทะเบียน/ผู้ประกันตนยังไม่รับสิทธิ/ผู้ป่วยเสียชีวิตก่อนลงทะเบียน/สำรองเตียง — **กลุ่ม 2 เพิ่มความมั่นใจคุณภาพบริการ**: 2.1 ยาละลายลิ่มเลือด (STEMI, Stroke) 2.2 เคมีบำบัด/ฮอร์โมน/รังสีรักษามะเร็ง 2.3 ผ่าตัดต้อกระจก+เลนส์ 2.4 ทันตกรรมจัดฟัน+ฝึกพูดผู้ป่วยปากแหว่งเพดานโหว่ 2.5 บริการนอกเวลาราชการกรณีฉุกเฉินไม่รุนแรง [สไลด์]	สรุป2026-08-21-unit1-economics-financing-deep
[fin-26] ★ รายละเอียดมากกว่าสรุปเดิมมาก: กรณีเฉพาะ 3 กลุ่มที่เหลือ	**กลุ่ม 3 ลดความเสี่ยงการเงินหน่วยบริการ**: 3.1 อุปกรณ์/อวัยวะเทียม 3.2 Hyperbaric oxygen therapy 3.3 จัดหาดวงตาผ่าตัดเปลี่ยนกระจกตา 3.4 ผ่าตัดปลูกถ่ายอวัยวะ(ตับเด็ก/หัวใจ/เซลล์ต้นกำเนิดเม็ดเลือด) — **กลุ่ม 4 ต้องกำกับการใช้บริการใกล้ชิด**: 4.1 เมทาโดนระยะยาว(MMT) 4.2 ยาจำเป็น/ยาเข้าถึงยาก(ยา จ(2), ยา CL, ยากำพร้า) — **กลุ่ม 5 ต้องบริหารเฉพาะโรค**: 5.1 ธาลัสซีเมีย 5.2 วัณโรค 5.3 การดูแลแบบประคับประคอง(palliative) 5.4 โรคหายาก(disorders of small molecules) [สไลด์]	สรุป2026-08-21-unit1-economics-financing-deep
[fin-27] P&P 455.39 บาท — นิยาม	ค่าใช้จ่ายบริการสร้างเสริมสุขภาพ+ป้องกันโรคโดยตรงแก่บุคคล สำหรับคนไทยทุกคน วัตถุประสงค์ 4 ข้อ: เพิ่มการเข้าถึงตามกลุ่มวัย / ป้องกัน-ลดปัญหาสาธารณสุข/ภาระโรคสำคัญ / สนับสนุนแก้ไขปัญหาระดับพื้นที่ / เพิ่มคุณภาพบริการ [สไลด์]	สรุป2026-08-21-unit1-economics-financing-deep
[fin-28] ★ รายละเอียดมากกว่าสรุปเดิม: โครงสร้าง P&P แบ่ง 5 ส่วน (ฐานคำนวณ	ค่าบริการ P&P รวม 328.57 บาทต่อประชากรไทยทุกสิทธิ 66.033 ล้านคน แต่สิทธิ UC ได้รับจริง 455.39 บาทต่อหัว UC pop 47.644 ล้านคน): **1. Central Procurement & NPP (30.83 บาท/คน)** — บริหารระดับประเทศ จัดซื้อ/จัดสร้างในประเทศ + ค่าใช้จ่ายนโยบาย/ปัญหาสำคัญระดับประเทศ **2. P&P ในชุมชน (45 บาท/คน)** — ร่วมมือกับ อปท. **3. P&P Area based (4 บาท/คน)** — บริหารระดับเขต เร่งรัดตามนโยบาย/แก้ปัญหาพื้นที่ **4. P&P basic service (239.74 บาท/คน)** แบ่งย่อย: 203.57 บาท เหมาจ่ายหน่วยบริการ + 36.17 บาท Fee schedule **5. จ่ายตามเกณฑ์คุณภาพ QOF (9 บาท/คน)** — Global budget ระดับเขต จ่ายตามผลงาน [สไลด์]	สรุป2026-08-21-unit1-economics-financing-deep
[fin-29] บริการฟื้นฟูสมรรถภาพการแพทย์ 18.40 บาท — วัตถุประสงค์	คนพิการได้รับอุปกรณ์ตามจำเป็นทั่วถึง / ฟื้นฟูคนพิการ-ผู้สูงอายุ-ผู้ป่วยทั้งในหน่วยบริการและชุมชน / ส่งเสริมความร่วมมือหน่วยบริการ-อปท.-องค์กรคนพิการ-ชุมชน / บริการฟื้นฟูระยะกลาง (Stroke, TBI, Spinal cord injury) [สไลด์]	สรุป2026-08-21-unit1-economics-financing-deep
[fin-30] ★ รายละเอียดมากกว่าสรุปเดิม: โครงสร้างงบฟื้นฟู 18.40 บาท แบ่ง 2 ส่วน	**กองทุนฟื้นฟูสมรรถภาพระดับจังหวัด (ไม่เกิน 5 บาท/คน)** — จ่ายให้จังหวัดที่มีความพร้อมตามประกาศ 2562 อัตราตกลงร่วมกัน ครอบคลุมอุปกรณ์คนพิการ/ฝึกทักษะ/ฟื้นฟูการเห็น/ฝึกทักษะดำรงชีวิตอิสระ **จ่ายตามผลงานบริหารระดับจังหวัด (ไม่น้อยกว่า 13.40 บาท/คน)** — ครอบคลุมอุปกรณ์ที่ไม่ซ้ำกองทุนจังหวัด / ฟื้นฟูระยะกลาง (เฉพาะหน่วยบริการขึ้นทะเบียนมีศักยภาพ) จ่ายแบบ Fee schedule / บริการฟื้นฟูอื่นๆ จ่ายแบบ **Point system with ceiling** [สไลด์]	สรุป2026-08-21-unit1-economics-financing-deep
[fin-31/fin-32] การแพทย์แผนไทย — วัตถุประสงค์	เพิ่มการเข้าถึงบริการคุณภาพ / เพิ่มการเข้าถึงยาสมุนไพรในบัญชียาหลัก / สนับสนุนบริการมาตรฐาน / บริการฝังเข็ม±กระตุ้นไฟฟ้าในผู้ป่วย Stroke รายใหม่ระยะกลาง — โครงสร้างงบ: บริการแพทย์แผนไทย 16.30 บาท (จ่ายตามผลงาน: นวด/ประคบ/นวดประคบ/อบสมุนไพร/ฟื้นฟูมารดาหลังคลอด/ยาสมุนไพรบัญชียาหลัก) + บริการฝังเข็ม 1.60 บาท (จ่ายตามมาตรฐานชุดบริการ+เหมาจ่ายเพิ่มเติมตามมาตรฐานที่ สปสช.กำหนด) = **รวม 17.90 บาทต่อผู้มีสิทธิ UC** [สไลด์] (ไม่ตรงกับ 17.50 ในตารางรวม fin-20 — ดูข้อสังเกตด้านบน)	สรุป2026-08-21-unit1-economics-financing-deep
[fin-33/fin-34] งบลงทุน 128.69 บาท — วัตถุประสงค์	ชดเชยค่าเสื่อมสิ่งก่อสร้าง+ครุภัณฑ์ที่ใช้บริการ OP/IP/P&P / ให้หน่วยบริการจัดหา-จัดซื้อ-จัดจ้าง-เช่า-ซ่อมบำรุงสิ่งที่เสื่อม/เสียหาย — คำนวณตามสัดส่วนอัตราต่อผู้มีสิทธิของงบ OP-P&P-IP (แยก 3 ก้อนตามสัดส่วนแต่ละบริการ รวม 100%) — การกระจายเงิน: **หน่วยบริการสังกัด สป.สธ.**: ไม่น้อยกว่า70% จ่ายตรง + ไม่เกิน20% ตามแผนบริหารระดับจังหวัด + ไม่เกิน10% ตามแผนบริหารระดับเขต (ผ่านความเห็นชอบ อปสข.) **หน่วยบริการสังกัดอื่น**: จ่ายตรง 100% (ยกเว้นศูนย์บริการสาธารณสุข กทม. ตามแผนสำนักอนามัย) [สไลด์]	สรุป2026-08-21-unit1-economics-financing-deep
[fin-35] เงินช่วยเหลือเบื้องต้น 3.84 บาท — วัตถุประสงค์ 4 ข้อ	ช่วยผู้รับบริการที่เสียหายจากการรักษา / บรรเทาความเดือดร้อนเบื้องต้นโดยไม่ต้องรอพิสูจน์ถูกผิด / รักษาความสัมพันธ์ที่ดีระหว่างผู้รับ-ผู้ให้บริการเพื่อร่วมคลี่คลายปัญหา / ให้เงินช่วยเหลือผู้ให้บริการที่เสียหายจากการให้บริการผู้มีสิทธิ UC ด้วย (ไม่ใช่แค่ผู้ป่วย) [สไลด์] — **[เสริม]** นี่คือกลไกแบบ **no-fault compensation** (ม.41 พ.ร.บ.หลักประกันสุขภาพแห่งชาติ) ช่วยลดการฟ้องร้อง	สรุป2026-08-21-unit1-economics-financing-deep
[fin-36/fin-37] จ่ายตามเกณฑ์คุณภาพผลงานบริการ (QOF) — วัตถุประสงค์	ประชาชนได้บริการคุณภาพมาตรฐานตามจำเป็น / หน่วยบริการพัฒนาคุณภาพผลงานต่อเนื่อง / ส่งเสริมคุณภาพระบบข้อมูลสุขภาพพื้นที่ — **โครงสร้างการจ่าย QOF กระจายอยู่ 3 จุดในงบเหมาจ่ายรายหัว ไม่ใช่ก้อนเดียว**: (1) OP ทั่วไป 9 บาท/คน (สำหรับผู้มีสิทธิ 47.644 ล้านคน) (2) P&P 9 บาท/คน (สำหรับ ปชก.ไทยทุกคน 66.033 ล้านคน) (3) รายการ "จ่ายตามเกณฑ์คุณภาพผลงานบริการ" แยกต่างหากอีก 2 บาท/คน (สำหรับผู้มีสิทธิ 47.644 ล้านคน) [สไลด์] — **จุดสับสนสำคัญ:** ตัวเลข "2.00 บาท" ในตารางรวม fin-20 เป็นแค่ 1 ใน 3 ช่องทางที่ QOF ถูกจ่ายจริง อย่าเข้าใจว่า QOF ทั้งระบบมีแค่ 2 บาท	สรุป2026-08-21-unit1-economics-financing-deep
[fin-38] Per-case payment (DRG) 5 จุดเด่น	จ่ายเหมาตามประเภทภาระโรคไม่สนจำนวนครั้ง/รายละเอียด / กระตุ้นใช้ทรัพยากรมีประสิทธิภาพ ลดวันนอน (LOS) / ควบคุมต้นทุนระดับประเทศ (cost containment) / สนับสนุน clinical pathways / เพิ่มความยุติธรรม-จ่ายตามความซับซ้อนโรคไม่ใช่ปริมาณ (ที่มา: จิรุตม์ 2544, Thai DRG Version 6 2020) [สไลด์]	สรุป2026-08-21-unit1-economics-financing-deep
[fin-39] ข้อเสีย Per-case	รพ.เสี่ยงขาดทุนเคสหนัก(high severity) / กระตุ้น upcoding เพื่อเพิ่มรายรับ / เสี่ยงจำหน่ายผู้ป่วยเร็วกว่าเหมาะสม — ตัวอย่างการใช้จริง: **การชดเชยค่ารักษา IPD ของทั้งระบบ UC และ CSMBS ใช้ Thai DRG** [สไลด์]	สรุป2026-08-21-unit1-economics-financing-deep
[fin-40] นิยาม DRG	ระบบแบ่งกลุ่มผู้ป่วยในที่มีการเจ็บป่วย-การรักษา-การใช้ทรัพยากร/ต้นทุนใกล้เคียงกัน อยู่กลุ่มเดียวกัน → ต้นทุน+วันนอนใกล้เคียงกัน → ใช้เบิกจ่ายค่ารักษา เพราะเป็นการเฉลี่ยความเสี่ยงระหว่างองค์กรประกันกับสถานพยาบาล (ที่มา: ศูนย์พัฒนากลุ่มโรคร่วมไทย) [สไลด์]	สรุป2026-08-21-unit1-economics-financing-deep
[fin-41] TDRG version	v5.1 ประกาศ 2555 โดย สปสช. ยังใช้กำหนดค่าใช้จ่าย (สิทธิ UC) / v6.2 ประกาศ 2561 สำหรับสิทธิสวัสดิการข้าราชการ+ประกันสังคม [สไลด์]	สรุป2026-08-21-unit1-economics-financing-deep
[fin-42] ข้อมูลกำหนด DRG 7 อย่าง	(1) โรคหลัก (2) การวินิจฉัยรอง(complications+comorbidities) [1-2 ใช้ ICD10] (3) การผ่าตัด/หัตถการ [ICD9] (4) อายุผู้ป่วย (5) ประเภทการจำหน่าย (6) จำนวนวันนอน (LOS) (7) น้ำหนักตัวแรกรับ [สไลด์]	สรุป2026-08-21-unit1-economics-financing-deep
[fin-43] นิยาม RW	ค่าเฉลี่ยการใช้ทรัพยากรรักษาผู้ป่วย DRG นั้นเทียบต้นทุนเฉลี่ยรักษาผู้ป่วยทั้งหมด → เป็นตัวเลขว่า DRG นั้นใช้ต้นทุนกี่เท่าของค่าเฉลี่ยทุกกลุ่ม ใช้เป็นหน่วยคำนวณจ่ายเงิน — **RW = mean charge of each DRG / aggregated mean charge of all patients** [สไลด์]	สรุป2026-08-21-unit1-economics-financing-deep
[fin-44] การใช้ RW จ่ายเงิน	องค์กรประกันจ่าย = RW × base rate — ตัวอย่างอัตรา: บริการ IP ทั่วไปนอกเขต = **9,600 บาท/AdjRW** / One day surgery ในเขต = **8,050 บาท/RW** (เบื้องต้น) — RW เป็นตัวเลขที่ รพ./แพทย์สนใจมากเพราะกำหนดรายได้ตามข้อตกลงกองทุน [สไลด์]	สรุป2026-08-21-unit1-economics-financing-deep
[fin-45] นิยาม CMI	ใช้กำหนดศักยภาพบริการผู้ป่วยใน รพ.สังกัด สธ. — **CMI = ผลรวม RW (Sum of RW) / จำนวนผู้ป่วยในที่จำหน่ายทั้งหมด** — CMI ต่ำกว่าช่วง = ข้อมูลไม่สมบูรณ์ หรือให้บริการ IP ไม่เหมาะสม(อาจไม่จำเป็นต้องนอน รพ.) / CMI อยู่ในช่วงหรือสูงกว่า = ใช้ทรัพยากรมีประสิทธิภาพ(รับผู้ป่วยเหมาะสม)และ/หรือมีศักยภาพรักษาโรคซับซ้อน [สไลด์]	สรุป2026-08-21-unit1-economics-financing-deep
[fin-46] ค่า CMI ตามระดับ รพ. (ปัจจุบัน → เป้าหมาย 5 ปี)	ศูนย์ 1.10-1.55→1.80-2.00 / ทั่วไปใหญ่ 0.90-1.20→1.40-1.50 / ทั่วไปเล็ก 0.65-1.00→1.10-1.30 / ชุมชนแม่ข่าย 0.55-0.75→0.90-1.00 / ชุมชนใหญ่ 0.50-0.70→0.80-0.85 / ชุมชนกลาง 0.45-0.65→0.75-0.80 / ชุมชนเล็ก 0.40-0.60→0.70-0.75 (ที่มา: สำนักบริหารการสาธารณสุข สป.สธ.) [สไลด์]	สรุป2026-08-21-unit1-economics-financing-deep
[fin-48] ประโยชน์ของ DRG 5 ข้อ	เครื่องมือจัดสรร/จ่ายเงิน/ประเมินผลงาน รพ. / สร้างมาตรฐานคิดค่าบริการเดียวกัน / เปรียบเทียบผลลัพธ์การรักษาแต่ละกลุ่ม / ประเมินความเป็นธรรมบริการ / ประมาณการค่าใช้จ่ายแต่ละกลุ่มสิทธิ์ [สไลด์]	สรุป2026-08-21-unit1-economics-financing-deep
[fin-49] ปัญหาการใช้ DRG 2 ข้อ + แนวทางแก้	(1) ข้อมูลเวชระเบียนไม่ถูกต้อง/ไม่ครบ (ลงโรคหลักผิด/โรคร่วมไม่ครบ/ไม่ลงหัตถการ) → แก้: บันทึกทันทีหรือเร็วที่สุด + มอบหมายผู้ตรวจสอบความถูกต้อง-สมบูรณ์ของบันทึก (2) เจ้าหน้าที่ coding ICD10/ICD9 ผิดพลาด → แก้: มอบหมายผู้รับผิดชอบโดยตรง [สไลด์]	สรุป2026-08-21-unit1-economics-financing-deep
[fin-50] ★ ไม่มีในสรุปเดิม — ตารางสรุปจุดเด่น/จุดด้อยของ 3 กองทุน: CSMBS (OP=FFS, IP=DRG) → จุดเด่น	เข้าถึงบริการได้ดี / จุดด้อย: ค่าใช้จ่ายสูง เสี่ยง overuse — SSS (Capitation+DRG) → จุดเด่น: ควบคุมงบได้ดี / จุดด้อย: คุณภาพไม่เท่าเทียมระหว่างหน่วยบริการ — UC (Capitation OP + DRG IP) → จุดเด่น: สมดุลต้นทุน-คุณภาพ / จุดด้อย: อัตรารายหัวต่ำ (อ้างอิง WHO 2022, NHSO 2021) [สไลด์]	สรุป2026-08-21-unit1-economics-financing-deep
[fin-51] บทบาทพยาบาลกับการเบิกจ่าย 5 ข้อ	บันทึกเวชระเบียนครบถ้วนถูกต้อง / สร้างความตระหนัก-วัฒนธรรมบันทึกที่ถูกต้อง / จัดระบบตรวจสอบทบทวนต่อเนื่อง / ศึกษาคู่มือเบิกจ่ายแต่ละกองทุน+ชุดสิทธิประโยชน์เพื่อพิทักษ์สิทธิผู้ป่วย / นำผลวิเคราะห์การเบิกจ่าย-ความคุ้มค่าคุ้มทุน-ผลลัพธ์การดูแล มาปรับปรุงกระบวนการ (พัฒนาบุคลากร/ปรับวิธีพยาบาล) เพื่อลดค่าใช้จ่ายผู้ป่วย [สไลด์]	สรุป2026-08-21-unit1-economics-financing-deep
[เสริม] เหตุผลเชิงทฤษฎี: แนวคิดนี้มาจากเศรษฐศาสตร์สวัสดิการ (welfare economics) ที่แยก 2 เกณฑ์การประเมินระบบออกจากกันชัดเจน		สรุป2026-08-21-unit1-economics-financing-deep
[เสริม] ทำไมข้อสอบมักออกเรื่องนี้: เพราะในทางปฏิบัติ ระบบสุขภาพต้อง**balance ทั้ง 3 อย่างพร้อมกัน** ตัวอย่างจริงในหน่วยที่ 2 ของวิชานี้ (health financing)	ระบบเหมาจ่ายรายหัว (capitation) เน้น efficiency (ควบคุมงบได้แม่นยำ) แต่ถ้าอัตราจ่ายเท่ากันทุกพื้นที่โดยไม่ปรับตามโครงสร้างอายุ/ความเสี่ยงของประชากร จะเป็นแค่ equality ไม่ใช่ equity — นี่คือเหตุผลที่ระบบ UC ต้องคำนวณเหมาจ่าย OP แบบผสม **80% ตามโครงสร้างอายุ (ปรับความเสี่ยง = equity) + 20% เท่ากันทุกกลุ่มอายุ (equality บางส่วน)** [หน้า fin-21] — เป็นตัวอย่างรูปธรรมที่สุดที่เชื่อมทฤษฎี efficiency/equity/equality (หน่วยเศรษฐศาสตร์) เข้ากับกลไกการเงินจริง (หน่วยการคลัง)	สรุป2026-08-21-unit1-economics-financing-deep
[เสริม] เหตุผลว่าทำไมต้องมี 6 ขั้นตอนตามลำดับนี้ (ไม่ใช่สุ่ม): โครงสร้างนี้สะท้อนหลักการพื้นฐานของ **costing methodology** ในงานประเมินเทคโนโลยีสุขภาพ (Health Technology Assessment, HTA) ทั่วโลก		สรุป2026-08-21-unit1-economics-financing-deep
[เสริม] ทำไม ABC (Activity-Based Costing) จึงเหมาะกับงานพยาบาลและงาน OR โดยเฉพาะ — จุดเชื่อมโยงสำคัญกับ "Cost Analysis in OR" ที่เรียนวันนี้: ABC ต่างจากการคิดต้นทุนแบบเหมารวม (traditional costing ที่ปันส่วนต้นทุน overhead ตามสัดส่วนง่ายๆ เช่น ตามจำนวนเตียง) ตรงที่ ABC **สืบต้นทุนตามกิจกรรมจริงที่ใช้ทรัพยากร** (activity = unit of analysis) ซึ่งเหมาะมากกับห้องผ่าตัด (OR) เพราะ		สรุป2026-08-21-unit1-economics-financing-deep
[เสริม] ประโยคนี้สะท้อนความแตกต่างพื้นฐานระหว่าง **cost minimization (แค่ลดต้นทุน)** กับ **economic evaluation (เปรียบเทียบต้นทุนคู่กับผลลัพธ์เสมอ)** — ในทางเทคนิค เครื่องมือประเมิน 4 แบบ (CMA/CEA/CUA/CBA) ทุกแบบมี "ตัวเงิน" เป็น nominator (ตัวตั้ง) เหมือนกันหมด (ตารางหน้า 42) **สิ่งที่ต่างกันคือ denominator (ตัวหาร)** — นี่คือกุญแจสำคัญที่สุดของทั้งบทนี้	การเลือกใช้เครื่องมือแบบไหนขึ้นอยู่กับว่า "ผลลัพธ์ที่เปรียบเทียบเป็นแบบไหน" ไม่ใช่ขึ้นอยู่กับความชอบส่วนตัว:	สรุป2026-08-21-unit1-economics-financing-deep
[เสริม] เหตุผลทางทฤษฎี (time preference): เงิน/สุขภาพที่ได้รับวันนี้มีมูลค่าสูงกว่าจำนวนเท่ากันในอนาคต ด้วยเหตุผล 2 ข้อหลัก	(1) **Pure time preference** — มนุษย์โดยธรรมชาติให้ค่ากับปัจจุบันมากกว่าอนาคต (2) **Opportunity cost of capital** — เงินวันนี้เอาไปลงทุนสร้างผลตอบแทนได้ก่อนที่เงินในอนาคตจะมาถึง การไม่คิดลด (discount) ต้นทุน/ผลลัพธ์ในอนาคตให้เป็นมูลค่าปัจจุบัน (present value) จะทำให้การเปรียบเทียบโครงการที่มีระยะเวลาไม่เท่ากันไม่เป็นธรรม (โครงการที่ให้ผลระยะยาวจะดูดีเกินจริงถ้าไม่คิดลด) — เหตุที่ WHO กำหนด 3% เป็นค่ามาตรฐานสากลเพื่อให้ผลการศึกษา cost-effectiveness จากประเทศต่างๆ เทียบเคียงกันได้ (comparability) ส่วน 0% และ 6% ใช้ทดสอบว่าผลสรุปยัง robust หรือไม่หากสมมติฐานอัตราคิดลดเปลี่ยนไป (sensitivity analysis)	สรุป2026-08-21-unit1-economics-financing-deep
[เสริม] เหตุผลว่าทำไมต้องมี DRG แทนที่จะจ่ายตามค่าใช้จ่ายจริงทั้งหมด (retrospective cost-based reimbursement): ระบบจ่ายตามต้นทุนจริงย้อนหลัง (retrospective) จะไม่มี**แรงจูงใจให้ควบคุมต้นทุน**เลย เพราะยิ่งใช้ทรัพยากรมาก ยิ่งได้เงินคืนมาก (ปัญหาเดียวกับ FFS ในหน้า fin-14) — DRG แก้ปัญหานี้ด้วยหลัก **prospective payment**	กำหนดราคาล่วงหน้าตาม "กลุ่มโรค" ไม่ใช่ตามที่ใช้จริง ทำให้ รพ. มีแรงจูงใจบริหารต้นทุนให้ต่ำกว่าราคาที่จะได้รับ (คล้ายกับหลักการของ Fee Schedule ในหน้า fin-15 แต่ปรับตามความซับซ้อนของเคสด้วย ไม่ใช่ราคาคงที่ทุกเคส)	สรุป2026-08-21-unit1-economics-financing-deep
[เสริม] ปรากฏการณ์นี้อธิบายได้ด้วยทฤษฎี **Principal-Agent problem** ในเศรษฐศาสตร์	ผู้ป่วย (principal) มอบอำนาจตัดสินใจการรักษาให้แพทย์/รพ. (agent) เนื่องจากผู้ป่วยขาดความรู้ทางการแพทย์ (information asymmetry) — เมื่อ agent มีแรงจูงใจทางการเงินที่ต่างจากผลประโยชน์สูงสุดของ principal ปัญหา **supplier-induced demand (SID)** จะเกิดขึ้น เช่น ระบบ FFS จ่ายตามปริมาณบริการ → แพทย์มีแรงจูงใจสั่งตรวจ/รักษาเกินจำเป็น (overuse, หน้า fin-14 ข้อ 1) เพราะรายได้ผูกกับปริมาณโดยตรง ตรงข้ามกับ capitation ที่ผู้ให้บริการรับความเสี่ยงทางการเงินไว้เอง (จ่ายล่วงหน้าคงที่) จึงมีแรงจูงใจ**ตรงข้าม**คือลดปริมาณบริการ (อาจถึงขั้น under-service ถ้าไม่มีการควบคุมคุณภาพที่ดี, หน้า fin-19 ข้อ 2) — นี่คือเหตุผลว่าทำไมไม่มีวิธีจ่ายแบบไหนที่ "สมบูรณ์แบบ" ทุกระบบในโลกจึงนิยม**ผสมวิธีจ่ายหลายแบบ** (blended payment) อย่างที่ระบบ UC ไทยทำจริง (capitation สำหรับ OP+P&P, DRG สำหรับ IP, fee schedule สำหรับบางบริการเฉพาะ) เพื่อถ่วงดุลแรงจูงใจที่ตรงข้ามกันของแต่ละวิธี	สรุป2026-08-21-unit1-economics-financing-deep
[เสริม] ทั้งสองสไลด์เด็คในวิชานี้จริงๆ แล้วเดินตามกรอบเดียวกันคือ **input → process → output** (ตรงกับหน้า 14 และ fin-02)		สรุป2026-08-21-unit1-economics-financing-deep
เศรษฐศาสตร์	ศาสตร์ว่าด้วยผลของการจัดการภาวะขาดแคลนทรัพยากร	สรุป2026-08-21-unit1-economics-financing-deep
สุขภาพ (WHO)	สภาวะสมบูรณ์ทั้งกาย จิต สังคม ไม่ใช่แค่ปราศจากโรค	สรุป2026-08-21-unit1-economics-financing-deep
Health economics	หลักวิเคราะห์เศรษฐศาสตร์ของสุขภาพ เน้นต้นทุน+ผลลัพธ์ (Berger 2003)	สรุป2026-08-21-unit1-economics-financing-deep
Economic evaluation	วิเคราะห์เปรียบเทียบทางเลือกทั้งต้นทุนและผลลัพธ์ (Drummond 2005)	สรุป2026-08-21-unit1-economics-financing-deep
Cost of Illness	ผลกระทบเศรษฐกิจรวมของโรคต่อสังคม (Berger 2003)	สรุป2026-08-21-unit1-economics-financing-deep
CMA	ตัวเงิน	สรุป2026-08-21-unit1-economics-financing-deep
CEA	ตัวเงิน	สรุป2026-08-21-unit1-economics-financing-deep
CUA	ตัวเงิน	สรุป2026-08-21-unit1-economics-financing-deep
CBA	ตัวเงิน	สรุป2026-08-21-unit1-economics-financing-deep
ICER = (Cost1−Cost2)/(Outcome1−Outcome2)	อัตราส่วนต้นทุนเพิ่มต่อประสิทธิผลเพิ่ม	สรุป2026-08-21-unit1-economics-financing-deep
QALY = จำนวนปีที่มีชีวิตอยู่ × utility	Quality-Adjusted Life Years	สรุป2026-08-21-unit1-economics-financing-deep
RW = mean charge of each DRG / aggregated mean charge of all patients	Relative Weight	สรุป2026-08-21-unit1-economics-financing-deep
CMI = Sum of RW / จำนวนผู้ป่วยในที่จำหน่ายทั้งหมด	Case Mix Index	สรุป2026-08-21-unit1-economics-financing-deep
การจ่ายเงิน = RW × base rate	องค์กรประกันจ่ายให้ รพ.	สรุป2026-08-21-unit1-economics-financing-deep
Discount rate (base case)	3% (WHO)	สรุป2026-08-21-unit1-economics-financing-deep
Discount rate (sensitivity)	0% และ 6%	สรุป2026-08-21-unit1-economics-financing-deep
Threshold ความคุ้มค่าไทย	ICER < 160,000 บาท/QALY	สรุป2026-08-21-unit1-economics-financing-deep
อัตรา IP นอกเขต	9,600 บาท/AdjRW	สรุป2026-08-21-unit1-economics-financing-deep
อัตรา One day surgery ในเขต	8,050 บาท/RW	สรุป2026-08-21-unit1-economics-financing-deep
อัตรา IP ในเขต (เบื้องต้น)	8,350 บาท/adjRW	สรุป2026-08-21-unit1-economics-financing-deep
งบเหมาจ่ายรายหัว UC รวม (ปี 2564)	3,719.23 บาท/ผู้มีสิทธิ	สรุป2026-08-21-unit1-economics-financing-deep
กรณีเฉพาะ ไม่เกิน	12% ของงบเหมาจ่ายรายหัว	สรุป2026-08-21-unit1-economics-financing-deep
ค่ารักษาพยาบาลในรายจ่ายครัวเรือน (2567)	1.2% (272 บาท)	สรุป2026-08-21-unit1-economics-financing-deep
TDRG v5.1 (2555)	ใช้กับสิทธิ UC	สรุป2026-08-21-unit1-economics-financing-deep
TDRG v6.2 (2561)	ใช้กับข้าราชการ+ประกันสังคม	สรุป2026-08-21-unit1-economics-financing-deep
FFS	CSMBS (OP)	สรุป2026-08-21-unit1-economics-financing-deep
Fee Schedule	ค่าคลอด ค่าทำฟัน	สรุป2026-08-21-unit1-economics-financing-deep
Per-Visit	เหมาต่อครั้ง	สรุป2026-08-21-unit1-economics-financing-deep
Salary	ปฐมภูมิ	สรุป2026-08-21-unit1-economics-financing-deep
Capitation	UC (OP+P&P)	สรุป2026-08-21-unit1-economics-financing-deep
Per-case (DRG)	UC & CSMBS (IP)	สรุป2026-08-21-unit1-economics-financing-deep
ขั้นที่ 1 — ตั้งสูตร	ICER = (Cost₁ − Cost₂) / (Outcome₁ − Outcome₂)	สรุป2026-08-21-unit1-economics-financing-deep
ขั้นที่ 2 — แทนค่า (กำหนด 1=A, 2=B)	ICER = (200,000 − 300,000) / (10 − 20)	สรุป2026-08-21-unit1-economics-financing-deep
ขั้นที่ 3 — คำนวณตัวตั้ง	200,000 − 300,000 = −100,000	สรุป2026-08-21-unit1-economics-financing-deep
ขั้นที่ 4 — คำนวณตัวหาร	10 − 20 = −10	สรุป2026-08-21-unit1-economics-financing-deep
ขั้นที่ 5 — หาร	−100,000 / −10 = **10,000 บาท/ปี**	สรุป2026-08-21-unit1-economics-financing-deep
ขั้นที่ 6 — แปลผล	"จ่ายเพิ่ม 10,000 บาท ต่อการเพิ่มผลลัพธ์ (อายุ) 1 ปี" — ค่า ICER เป็นบวกเพราะลบ (−) หารด้วยลบ (−) หักล้างกัน [สไลด์]	สรุป2026-08-21-unit1-economics-financing-deep
ขั้นที่ 3 — เทียบกับ threshold ไทย: 10,000 < 160,000 บาท/QALY → **ถือว่าคุ้มค่า** [เสริม	การเปรียบเทียบกับ threshold 160,000 นี้ไม่ได้เขียนไว้ในหน้า 49 โดยตรง แต่เป็นการนำ threshold จากหน้า 43 มาประยุกต์ใช้ ซึ่งเป็นขั้นตอนที่ข้อสอบมักถามต่อจากโจทย์คำนวณ]	สรุป2026-08-21-unit1-economics-financing-deep
โจทย์: ผู้ป่วย DM ได้รับ intervention	utility 0.50 นาน 1 ปี จากนั้น utility เพิ่มเป็น 0.70 นาน 4 ปีถัดไป เทียบกับไม่ได้รับ intervention: utility คงที่ 0.50 ตลอด 5 ปี	สรุป2026-08-21-unit1-economics-financing-deep
ขั้นที่ 1	แบ่งช่วงเวลาตาม utility ที่เปลี่ยน → ช่วงที่ 1 (utility=0.50, ระยะเวลา=1 ปี) และช่วงที่ 2 (utility=0.70, ระยะเวลา=4 ปี)	สรุป2026-08-21-unit1-economics-financing-deep
ขั้นที่ 2	คำนวณ QALY แต่ละช่วง: ช่วงที่ 1 = 0.50 × 1 = 0.50 / ช่วงที่ 2 = 0.70 × 4 = 2.80	สรุป2026-08-21-unit1-economics-financing-deep
ขั้นที่ 3	รวม QALY ทั้งหมด = 0.50 + 2.80 = **3.30 QALYs**	สรุป2026-08-21-unit1-economics-financing-deep
ขั้นที่ 1	utility คงที่ตลอด 5 ปี = 0.50 × 5 = **2.5 QALYs**	สรุป2026-08-21-unit1-economics-financing-deep
ต้นทุนทางตรง (ค่าแรงทีมผ่าตัด+วัสดุใช้ครั้งเดียว)	สมมติค่าแรงเฉลี่ยต่อชั่วโมงของทีม × ชั่วโมงที่ใช้ + ค่าไหม/ผ้าก๊อซ/ยาสลบที่ใช้เฉพาะเคส = 8,000 บาท	สรุป2026-08-21-unit1-economics-financing-deep
ต้นทุนทางอ้อม (ค่าเสื่อมราคาเครื่องมือที่ใช้ร่วม/สนับสนุน)	ค่าเสื่อมราคาเครื่อง anesthesia+เตียงผ่าตัด เฉลี่ยต่อเคส (คำนวณจากมูลค่าซื้อ ÷ อายุการใช้งาน ÷ จำนวนเคสต่อปี ตามแบบฟอร์มหน้า 22-23) = 1,200 บาท	สรุป2026-08-21-unit1-economics-financing-deep
หลักการปันส่วนต้นทุนทางอ้อม/ลงทุน (การคำนวณค่าเสื่อมราคาต่อเคส): ค่าเสื่อมราคาต่อปี = มูลค่าที่ซื้อ ÷ อายุการใช้งานตามเกณฑ์ (ตามแบบฟอร์มหน้า 22-23) → ค่าเสื่อมราคาต่อเคส = ค่าเสื่อมราคาต่อปี ÷ จำนวนเคสที่ใช้เครื่องนั้นต่อปี — นี่คือหลักการ ABC มาตรฐาน	**ปันส่วนต้นทุนตามกิจกรรม (activity driver) ไม่ใช่ปันส่วนเท่าๆกันแบบเหมารวม**	สรุป2026-08-21-unit1-economics-financing-deep