ผู้แต่ง/ปี/วารสาร [จริง]	Song Y, Zhao Y, Wang R, Wu T, Liao X. Medicine (2025) 104:50	สรุป2026-09-04-research-papers-comparison
ประเทศ/บริบท [จริง]	โรงพยาบาลในสังกัด Xi'an Jiaotong University, จีน	สรุป2026-09-04-research-papers-comparison
กลุ่มตัวอย่าง/จำนวน [จริง]	ผู้ป่วยมะเร็งกระเพาะอาหารที่ผ่าตัด radical gastrectomy 120 ราย (แบ่งกลุ่มทดลอง/กลุ่มควบคุม กลุ่มละ 60 ราย) ปี 2022-2024	สรุป2026-09-04-research-papers-comparison
รูปแบบวิจัย [จริง]	Retrospective observational study เปรียบเทียบ 2 กลุ่ม (ไม่สุ่ม)	สรุป2026-09-04-research-papers-comparison
สิ่งที่ศึกษาหลัก [จริง]	ประสิทธิผลของ "โมเดลการพยาบาลปริศัลยกรรมตามแนวคิด ERAS" เทียบกับการพยาบาลแบบดั้งเดิม วัดผลลัพธ์ทางคลินิก	สรุป2026-09-04-research-papers-comparison
ตัวแปร/เครื่องมือที่วัด [จริง]	ระยะวันนอน รพ. หลังผ่าตัด, อัตราภาวะแทรกซ้อน, เวลาผายลมครั้งแรก, เวลาลุกจากเตียงครั้งแรก, ความพึงพอใจผู้ป่วย, คะแนนปวด (VAS), คะแนนวิตกกังวล/ซึมเศร้า (SAS/SDS)	สรุป2026-09-04-research-papers-comparison
ผลหลัก (ตัวเลขเด่น) [จริง]	LOS: 7.2±1.5 วัน vs 10.5±2.1 วัน (P<.001); ภาวะแทรกซ้อนรวม 10.0% vs 26.7% (P=.013); ผายลม 24.5±5.2 ชม. vs 36.8±6.5 ชม. (P<.001); ลุกจากเตียง 20.3±4.1 ชม. vs 30.5±5.3 ชม. (P<.001); ความพึงพอใจ 92.5±5.6 vs 80.2±6.8 คะแนน (P<.001)	สรุป2026-09-04-research-papers-comparison
**ให้ความสำคัญกับ patient safety และ physiological status เป็นแกนกลาง** [จริง]	งาน A เน้นภาวะแทรกซ้อน (anastomotic leakage, infection, DVT) และการฟื้นตัวของระบบทางเดินอาหาร; งาน B พบว่าโดเมน safety และ physiological responses ได้รับการยอมรับสูงสุดจากผู้เชี่ยวชาญ (88% และ 100% ตามลำดับ) สะท้อนว่าเป็นแกนที่ทุกบริบทเห็นพ้อง	สรุป2026-09-04-research-papers-comparison
**ตระหนักถึงบทบาทสหวิชาชีพ (multidisciplinary collaboration)** [จริง]	งาน A ระบุ ERAS "emphasizing multidisciplinary collaboration"; งาน B ใช้ expert panel ที่มีทั้งพยาบาลและแพทย์ และพบว่าทั้งสองวิชาชีพเห็นพ้องกันในการปฏิเสธ/ยอมรับผลลัพธ์เดียวกัน	สรุป2026-09-04-research-papers-comparison
**ทั้งคู่ยอมรับข้อจำกัดของบริบทท้องถิ่น/สถาบันเดียว** [จริง]	งาน A เป็น single-center retrospective study; งาน B เก็บข้อมูลจากเขตโรงพยาบาลเดียวใน 5 เขตของฟินแลนด์ — ทั้งสองจึงเรียกร้องการขยายผลด้วยการศึกษาหลายศูนย์	สรุป2026-09-04-research-papers-comparison
ระดับของ "ผลลัพธ์" ที่ศึกษา [เสริม]	ผลลัพธ์ทางคลินิกจริง (clinical outcome data) — วัดจากผู้ป่วยโดยตรง	สรุป2026-09-04-research-papers-comparison
Scope ของงาน [จริง]	สร้างและทดสอบ "โมเดลการพยาบาล" (intervention model) เฉพาะโรค (มะเร็งกระเพาะอาหาร)	สรุป2026-09-04-research-papers-comparison
ประเภทงานวิจัย [จริง]	Quasi-experimental (retrospective, non-randomized, comparison 2 groups)	สรุป2026-09-04-research-papers-comparison
ใครเป็นผู้ให้ข้อมูล [จริง]	ข้อมูลจากเวชระเบียนผู้ป่วยจริง	สรุป2026-09-04-research-papers-comparison
แนวคิดหลักที่ใช้ [จริง]	ERAS (Enhanced Recovery After Surgery) concept	สรุป2026-09-04-research-papers-comparison
ข้อค้นพบเชิงลบ/gap ที่เจอ [จริง]	ยังไม่ได้วัด 30-day readmission หรือ quality of life (ยอมรับเป็นข้อจำกัด)	สรุป2026-09-04-research-papers-comparison
ผลลัพธ์ด้าน "จริยธรรม/สิทธิผู้ป่วย" [จริง]	ไม่ได้กล่าวถึงโดยตรง (เน้นคลินิก)	สรุป2026-09-04-research-papers-comparison
**ทั้งสองงานสะท้อน Perioperative Patient-Focused Model** [เสริม]	แม้งาน A จะไม่ได้อ้างโมเดลนี้ตรง ๆ แต่ตัวแปรที่วัด (safety จากภาวะแทรกซ้อน, physiological response จากการฟื้นตัวของ GI, behavioral response จากความพึงพอใจ/สภาพจิตใจ) จัดเข้ากับ 3 ใน 4 quadrant ของโมเดล AORN ได้พอดี — ชี้ให้เห็นว่ากรอบ PNDS สามารถใช้อธิบาย/จัดหมวดตัวชี้วัดของงานวิจัยเชิงคลินิกอื่นได้ด้วย	สรุป2026-09-04-research-papers-comparison
**บทบาทพยาบาลในฐานะผู้ประสานงานสหวิชาชีพและผู้ให้ความรู้ผู้ป่วย** [จริง]	งาน A เน้น personalized health education และ psychological intervention โดยพยาบาลเป็นผู้ดำเนินการหลัก; งาน B ชี้ว่า "patient knowledge" เป็นหนึ่งใน domain สำคัญของ PNDS (behavioral responses: knowledge) แม้จะวัดยากในทางปฏิบัติ — ทั้งคู่ตอกย้ำว่าการให้ความรู้ผู้ป่วยเป็นบทบาทแกนของพยาบาลปริศัลยกรรม ไม่ใช่แค่งานเทคนิค	สรุป2026-09-04-research-papers-comparison
**Patient safety เป็นแกนที่ไม่เปลี่ยนแปลงข้ามบริบท** [จริง]	ทั้งอัตราภาวะแทรกซ้อนในงาน A และ CVI สูงของ safety domain ในงาน B ต่างชี้ไปทางเดียวกันว่า "ความปลอดภัยผู้ป่วย" คือแกนกลางที่สุดของมโนมติการพยาบาลปริศัลยกรรม ไม่ว่าจะวัดด้วยวิธีเชิงปริมาณ (คลินิก) หรือเชิงคุณภาพ (ความเห็นผู้เชี่ยวชาญ)	สรุป2026-09-04-research-papers-comparison
**Takeaway**	การพยาบาลปริศัลยกรรมยุคปัจจุบันเคลื่อนไปสู่แนวคิด "outcomes-driven care" สองทาง — (1) ออกแบบ intervention ที่วัดผลได้ (เช่น ERAS) และ (2) สร้างมาตรฐานภาษา/ตัวชี้วัดที่ใช้วัดผลลัพธ์นั้นได้จริงข้ามบริบท (เช่น PNDS) ทั้งสองส่วนต้องไปด้วยกัน — มี intervention ดีแต่วัดผลลัพธ์ไม่ได้มาตรฐานก็เทียบเคียงข้ามสถาบันไม่ได้ และมีมาตรฐานวัดผลดีแต่ไม่มี intervention ที่พิสูจน์แล้วก็ไม่เกิดประโยชน์ทางคลินิก [เสริม]	สรุป2026-09-04-research-papers-comparison
**Gap ร่วมที่น่าสนใจ [เสริม ตามความเห็นเชิงวิเคราะห์]**	ทั้งสองงานยังไม่ได้เชื่อมโยงกันโดยตรง — จะเป็นประโยชน์มากหากมีการศึกษาที่ใช้ **ตัวชี้วัดแบบ PNDS เป็นกรอบวัดผล** ของโปรแกรม ERAS (เช่น วัด "wound/tissue perfusion", "normothermia", "pain control" ตาม PNDS indicator ในผู้ป่วยที่ได้รับ ERAS) เพื่อให้ได้ผลลัพธ์ทั้งเชิงคลินิกและเชิงมาตรฐานสากลไปพร้อมกัน	สรุป2026-09-04-research-papers-comparison
**ข้อจำกัดร่วมที่ควรระวังเมื่อนำไปใช้**	งาน A เป็น retrospective, single-center, ไม่สุ่ม (เสี่ยง selection bias); งาน B ประเมินจากมุมมอง surgical department เท่านั้น และ CVI ของตัวชี้วัดจำนวนมาก (เช่น electrical injury 15%, positioning injury 38%) ต่ำกว่าเกณฑ์ ทั้งสองจึงยังต้องการ multicenter/prospective study เพื่อยืนยันความสามารถในการนำไปใช้ทั่วไป [จริง]	สรุป2026-09-04-research-papers-comparison
**ต่อยอดเชิงการเรียนการสอน**	ใช้ 2 งานนี้เป็นกรณีตัวอย่างสอนนักศึกษาให้แยก "ผลลัพธ์ทางคลินิก (clinical outcome)" ออกจาก "ความเที่ยงตรงของเครื่องมือวัดผลลัพธ์ (outcome measurement validity)" — เป็นทักษะสำคัญของการอ่านงานวิจัยทางการพยาบาลปริศัลยกรรมเชิงวิชาชีพ [เสริม]	สรุป2026-09-04-research-papers-comparison